model,language,N,routes,rank,df_resid,b,se,python_b,python_se,abs_beta_difference,abs_se_difference,sample_and_rank_equal,pass
same_sample_unadjusted,R,6235,260,284,5951,-0.05744524765216,0.0189728823991437,-0.057445247652156896,0.018972882399144395,3.101685575046531e-15,6.938893903907228e-16,True,True
distance_quarter,R,6235,260,353,5882,-0.0375365194345898,0.0187836363563605,-0.03753651943458166,0.018783636356360774,8.139322549283179e-15,2.740863092043355e-16,True,True
distance_and_composition_quarter,R,6235,260,422,5813,-0.0248437558423005,0.0183950367330754,-0.024843755842291534,0.01839503673307565,8.965050923848139e-15,2.498001805406602e-16,True,True
all_controls_adjusted,R,14430,616,778,13652,-0.0453056180087361,0.0123293541833568,-0.045305618008949805,0.01232935418335653,2.1370405445253482e-13,2.688821387764051e-16,True,True
legacy_adjusted_wn_present,R,6235,260,445,5790,-0.0273525500226169,0.0175504550115989,-0.027352550022613862,0.01755045501159892,3.039235529911366e-15,2.0816681711721685e-17,True,True
expanded_adjusted_wn_present,R,14430,616,801,13629,-0.0258774822138999,0.0128840758347778,-0.025877482214111975,0.012884075834777105,2.1207341438511662e-13,6.956241138666996e-16,True,True
same_sample_unadjusted,Stata,6235,260,284,5951,-0.0574452476521585,0.01897288239914433,-0.057445247652156896,0.018972882399144395,1.6028844918025698e-15,6.591949208711867e-17,True,True
distance_quarter,Stata,6235,260,353,5882,-0.037536519434584185,0.01878363635636076,-0.03753651943458166,0.018783636356360774,2.525757381022231e-15,1.3877787807814457e-17,True,True
distance_and_composition_quarter,Stata,6235,260,422,5813,-0.024843755842297085,0.0183950367330755,-0.024843755842291534,0.01839503673307565,5.551115123125783e-15,1.491862189340054e-16,True,True
legacy_adjusted_wn_present,Stata,6235,260,445,5790,-0.027352550022619666,0.017550455011598864,-0.027352550022613862,0.01755045501159892,5.8043847506183965e-15,5.551115123125783e-17,True,True
all_controls_adjusted,Stata,14430,616,778,13652,-0.045305618008947,0.012329354183356657,-0.045305618008949805,0.01232935418335653,2.8033131371785203e-15,1.2663481374630692e-16,True,True
expanded_adjusted_wn_present,Stata,14430,616,801,13629,-0.0258774822141105,0.012884075834777233,-0.025877482214111975,0.012884075834777105,1.474514954580286e-15,1.2836953722228372e-16,True,True
