route,nq,pax_min,pax_pre,fare_pre,dl_q,nw_q,both_q,legacy_q,dl_any,nw_any,direct,distance,dl_direct,nw_direct,unknown_pax,group,eligible,direct_overlap,original_treated
ABQ-AUS,4,1209,1346.0,178.6368578951845,0,0,0,4,0,0,0.5359389400399522,613.0,0,0,0,unexposed_legacy,True,False,False
ABQ-BDL,4,516,704.0,207.10633338047325,4,4,4,4,801,297,0.01951570645620354,1884.0,36,9,0,overlap,True,False,False
ABQ-CMH,4,605,736.5,180.1424455347444,4,3,3,4,769,203,0.07212383829356653,1342.0,79,0,0,overlap,True,False,False
ABQ-DEN,4,3264,4117.5,145.9151741007507,0,0,0,4,0,0,0.9978561030274421,340.0,0,0,0,unexposed_legacy,True,False,False
ABQ-ICT,4,105,118.75,237.66126364459515,0,0,0,4,0,0,0.03726253799392097,542.0,0,0,0,unexposed_legacy,True,False,False
ABQ-IND,4,527,813.75,170.36929648094963,4,4,4,4,434,344,0.016470800380880488,1160.0,0,0,0,overlap,True,False,False
ABQ-JFK,4,223,277.0,205.95607580167368,4,3,3,4,304,94,0.0,1824.0,0,0,0,overlap,True,False,False
ABQ-OKC,4,337,451.0,177.5842117813222,0,0,0,4,0,0,0.010007147368770985,509.0,0,0,0,unexposed_legacy,True,False,False
ABQ-PHX,4,10735,10957.75,92.86921786991022,0,0,0,4,0,0,0.9972159527673439,329.0,0,0,0,unexposed_legacy,True,False,False
ABQ-TUL,4,353,434.0,178.7273097144249,0,0,0,4,0,0,0.16230342376676174,608.0,0,0,0,unexposed_legacy,True,False,False
ACV-SMF,4,185,218.0,104.99930520239974,0,0,0,4,0,0,0.9521020843121011,207.0,0,0,0,unexposed_legacy,True,False,False
ADQ-ANC,4,218,512.25,177.27012697525285,0,0,0,4,0,0,0.9995265151515151,252.0,0,0,0,unexposed_legacy,True,False,False
ADQ-SEA,4,127,177.25,442.70700096256417,0,0,0,4,0,0,0.0,1437.0,0,0,0,unexposed_legacy,True,False,False
ANC-ATL,4,326,669.0,403.1607735231876,4,4,4,4,1770,333,0.17888228070990572,3414.0,709,0,0,overlap,True,False,False
ANC-BET,4,1364,1448.0,208.73833497191023,0,0,0,4,0,0,0.9990835777126099,398.0,0,0,0,unexposed_legacy,True,False,False
ANC-BOS,4,213,499.5,340.25607550639353,3,4,3,4,314,470,0.025822374054601277,3378.0,2,52,0,overlap,True,False,False
ANC-BRW,4,547,616.5,318.5083456160761,0,0,0,4,0,0,0.914194811136764,724.0,0,0,0,unexposed_legacy,True,False,False
ANC-BWI,4,112,259.75,427.0711287896921,3,4,3,4,133,368,0.06261212077797428,3365.0,0,59,0,overlap,True,False,False
ANC-CDV,4,133,180.75,150.55299591920632,0,0,0,4,0,0,1.0,159.0,0,0,0,unexposed_legacy,True,False,False
ANC-FAI,4,4299,4691.75,145.32321175401168,0,0,0,4,0,0,1.0,261.0,0,0,0,unexposed_legacy,True,False,False
ANC-JNU,4,1841,2142.0,186.27211365369658,0,0,0,4,0,0,0.9905787304405703,569.0,0,0,0,unexposed_legacy,True,False,False
ANC-KTN,4,414,438.25,275.7554310711203,0,0,0,4,0,0,0.9094298244158658,775.0,0,0,0,unexposed_legacy,True,False,False
ANC-MCO,4,434,516.5,344.2172714184622,4,4,4,4,197,299,0.03502826062216635,3816.0,44,12,0,overlap,True,False,False
ANC-OME,4,620,664.0,251.16115890525813,0,0,0,4,0,0,0.9962301690882297,538.0,0,0,0,unexposed_legacy,True,False,False
ANC-OTZ,4,611,661.5,262.0249090014029,0,0,0,4,0,0,0.985971420796356,548.0,0,0,0,unexposed_legacy,True,False,False
ANC-PHL,4,148,421.75,335.6876516796891,4,4,4,4,575,454,0.041752424446255404,3375.0,24,15,0,overlap,True,False,False
ANC-SCC,4,814,1607.75,334.8836890752814,0,0,0,4,0,0,0.9896350829316678,626.0,0,0,0,unexposed_legacy,True,False,False
ANC-SIT,4,278,341.75,222.03144971186623,0,0,0,4,0,0,0.8264346918238434,591.0,0,0,0,unexposed_legacy,True,False,False
ATL-BZN,4,227,315.5,325.9798537843925,4,4,4,0,811,339,0.19796143632510116,1640.0,253,0,0,overlap,True,False,False
ATL-DTW,4,9326,10865.5,152.96482788926866,4,4,4,0,11220,19177,0.9659401632296659,596.0,11022,18867,0,overlap,True,True,False
ATL-GEG,4,403,476.75,303.80395755574267,3,4,3,4,570,249,0.015682587886030993,1968.0,0,5,0,overlap,True,False,False
ATL-MEM,4,5665,6016.75,145.17029074383464,4,4,4,0,6894,4046,0.9908839091526597,332.0,6826,4027,0,overlap,True,True,True
ATL-MSP,4,8691,10069.5,160.95750503509612,4,4,4,0,8843,16290,0.9494988411538304,908.0,8598,15838,0,overlap,True,True,False
AUS-DFW,4,2505,2659.25,107.33712066378239,0,0,0,4,0,0,0.985033417681274,184.0,0,0,0,unexposed_legacy,True,False,False
AUS-IAH,4,1557,1632.5,104.09692236093008,0,0,0,4,0,0,1.0,143.0,0,0,0,unexposed_legacy,True,False,False
AUS-MFE,4,172,222.5,145.5044230920103,0,0,0,4,0,0,0.0,287.0,0,0,0,unexposed_legacy,True,False,False
AUS-OKC,4,867,1002.75,134.18626634361746,0,0,0,4,0,0,0.2729751344135395,353.0,0,0,0,unexposed_legacy,True,False,False
AUS-PSP,4,134,191.5,206.63804858501743,0,0,0,4,0,0,0.0,1128.0,0,0,0,unexposed_legacy,True,False,False
AUS-TUS,4,250,383.75,179.8426434266753,0,0,0,4,0,0,0.00806251966394411,794.0,0,0,0,unexposed_legacy,True,False,False
BDL-COS,4,159,253.75,217.59614225204518,4,4,4,4,232,254,0.01607733664185277,1692.0,1,17,0,overlap,True,False,False
BDL-HNL,4,230,302.5,399.4061459075059,4,4,4,4,359,130,0.0,5016.0,0,0,0,overlap,True,False,False
BDL-MEM,4,290,351.75,288.2430146561256,3,4,3,0,287,461,0.0242684188302197,1048.0,0,28,0,overlap,True,False,False
BDL-PDX,4,568,814.0,239.7323213483214,4,4,4,4,862,548,0.018931236199345357,2466.0,0,9,0,overlap,True,False,False
BDL-PHL,4,1038,1393.5,163.75632708048047,0,0,0,4,0,0,0.9921164535965104,196.0,0,0,0,unexposed_legacy,True,False,False
BDL-PHX,4,2628,2887.5,202.51526603759888,4,3,3,4,2275,905,0.32826023430035867,2211.0,172,37,0,overlap,True,False,False
BDL-SAN,4,1522,1765.75,228.21807736359804,4,3,3,4,1846,503,0.025843040905378922,2500.0,71,7,0,overlap,True,False,False
BDL-SAT,4,739,818.25,214.4531624402647,4,4,4,4,663,336,0.028441628563261042,1673.0,8,22,0,overlap,True,False,False
BDL-SEA,4,1009,1578.5,235.12192647012785,4,4,4,4,1743,1248,0.021490075059402876,2428.0,42,8,0,overlap,True,False,False
BDL-SFO,4,1146,1667.75,258.3988875174523,4,4,4,4,1200,573,0.015544501903196057,2622.0,12,0,0,overlap,True,False,False
BDL-SJC,4,510,630.0,233.19997503349128,3,4,3,4,305,289,0.05661603550101153,2606.0,0,0,0,overlap,True,False,False
BDL-SLC,4,660,793.25,253.84609755492886,4,4,4,4,1319,453,0.007349615695407875,2024.0,4,0,0,overlap,True,False,False
BDL-SMF,4,561,658.25,229.35119719179175,4,4,4,4,383,156,0.0631662287996101,2555.0,0,0,0,overlap,True,False,False
BHM-IND,4,244,291.75,249.18213003163487,4,4,4,0,333,357,0.007442459788500845,427.0,0,6,0,overlap,True,False,False
BHM-MCI,4,760,790.25,167.49788496862504,4,4,4,3,374,449,0.4241236537720017,595.0,0,19,0,overlap,True,False,False
BHM-MIA,4,334,377.25,222.76986641209243,4,4,4,0,1011,89,0.050097903568674544,663.0,28,0,0,overlap,True,False,False
BHM-SEA,4,479,715.25,218.71441893223334,4,3,3,4,995,199,0.026064453042230654,2078.0,0,0,0,overlap,True,False,False
BNA-BOI,4,300,327.0,212.42052229559192,3,4,3,0,183,122,0.008099194360523667,1641.0,1,3,0,overlap,True,False,False
BNA-EWR,4,498,1119.25,188.65114522911782,3,3,3,3,235,339,0.29314692000379766,747.0,2,20,0,overlap,True,False,False
BNA-GPT,4,148,162.25,169.9109899808261,3,4,3,0,269,328,0.0,419.0,0,0,0,overlap,True,False,False
BOI-BOS,4,239,296.0,326.6813190820386,3,4,3,4,269,138,0.0,2262.0,0,0,0,overlap,True,False,False
BOI-BWI,4,313,476.0,221.46638190910818,3,4,3,4,232,325,0.019626220241373574,2056.0,0,7,0,overlap,True,False,False
BOI-CLE,4,111,146.5,249.8192631513193,3,4,3,2,193,202,0.020034147050276084,1748.0,8,0,0,overlap,True,False,False
BOI-DCA,4,258,329.25,287.2512669996441,4,4,4,4,211,478,0.040592078364961336,2046.0,12,27,0,overlap,True,False,False
BOI-EWR,4,148,193.0,350.4009040129365,3,4,3,4,295,143,0.015148990806885544,2144.0,0,2,0,overlap,True,False,False
BOI-IAD,4,304,380.5,271.53381029494716,3,4,3,4,276,219,0.022101187695530922,2023.0,0,6,0,overlap,True,False,False
BOI-PHL,4,345,419.0,233.32282281918322,3,4,3,4,460,371,0.006620864096253761,2110.0,10,1,0,overlap,True,False,False
BOI-RDU,4,172,236.25,230.02521790882017,3,4,3,4,287,229,0.06907943111564405,2044.0,0,6,0,overlap,True,False,False
BOS-GEG,4,137,238.5,312.43123430765064,3,4,3,4,177,239,0.0015868944149364235,2271.0,0,0,0,overlap,True,False,False
BOS-HNL,4,995,1118.75,406.07288412157186,4,3,3,4,630,336,0.005182514654435695,5093.0,0,6,0,overlap,True,False,False
BOS-LIH,4,127,152.0,465.4036456144977,0,0,0,4,0,0,0.0015432098765432098,5134.0,0,0,0,unexposed_legacy,True,False,False
BOS-VPS,4,311,389.5,211.52781769174607,4,3,3,0,977,351,0.006237756128554032,1205.0,10,0,0,overlap,True,False,False
BRW-FAI,4,120,275.75,217.54357367754082,0,0,0,4,0,0,0.9457445678035427,502.0,0,0,0,unexposed_legacy,True,False,False
BTR-IAH,4,125,314.75,294.4307391697181,0,0,0,4,0,0,0.9819217448687191,253.0,0,0,0,unexposed_legacy,True,False,False
BUF-LAX,4,1753,2113.0,195.82299603876498,4,3,3,4,1881,684,0.03493349986850009,2215.0,0,0,0,overlap,True,False,False
BUF-SAN,4,899,1124.75,194.10755204888207,4,3,3,4,861,380,0.09138126332298202,2195.0,0,0,0,overlap,True,False,False
BUF-SAT,4,465,506.75,201.2305494420309,4,4,4,2,337,365,0.08424789797036929,1433.0,29,0,0,overlap,True,False,False
BUF-SFO,4,615,1133.25,198.5233747515897,4,4,4,4,1131,375,0.008300536828328998,2306.0,0,0,0,overlap,True,False,False
BUR-ELP,4,286,402.75,176.62341384537086,0,0,0,4,0,0,0.14006393783043714,713.0,0,0,0,unexposed_legacy,True,False,False
BUR-IND,4,163,242.25,250.44274244230542,0,0,0,4,0,0,0.005454545454545455,1804.0,0,0,0,unexposed_legacy,True,False,False
BUR-PHX,4,12104,12902.5,96.05968800035345,0,0,0,4,0,0,0.9885292237071723,369.0,0,0,0,unexposed_legacy,True,False,False
BUR-SDF,4,114,166.25,237.5203364571999,0,0,0,4,0,0,0.0,1832.0,0,0,0,unexposed_legacy,True,False,False
BUR-SFO,4,3232,3339.25,167.66620778321345,0,0,0,4,0,0,0.9965303887836641,326.0,0,0,0,unexposed_legacy,True,False,False
BWI-COS,4,661,907.0,194.15912935390702,3,4,3,4,537,638,0.008688485540556267,1502.0,0,22,0,overlap,True,False,False
BWI-GEG,4,427,493.0,224.48267287183904,3,4,3,4,241,542,0.022150311712954895,2109.0,10,25,0,overlap,True,False,False
BWI-GPT,4,365,395.25,184.43397161329935,3,4,3,0,687,303,0.0006345177664974619,928.0,0,0,0,overlap,True,False,False
BWI-ILM,4,228,274.5,149.35091478670796,0,0,0,4,0,0,0.0029472193834099813,346.0,0,0,0,unexposed_legacy,True,False,False
BWI-PDX,4,1557,2165.25,206.11717285069767,4,4,4,4,1842,1035,0.16924808216938086,2355.0,28,24,0,overlap,True,False,False
BWI-SEA,4,3157,4412.0,201.8372410168509,4,4,4,4,2661,2848,0.2544228470131698,2332.0,68,5,0,overlap,True,False,False
BWI-VPS,4,180,214.75,338.0892909901821,4,3,3,0,619,227,0.0,836.0,0,0,0,overlap,True,False,False
CIC-SAN,4,102,114.75,107.01797395587167,0,0,0,4,0,0,0.0,554.0,0,0,0,unexposed_legacy,True,False,False
CLD-LAX,4,222,244.25,63.716313411561956,0,0,0,4,0,0,1.0,86.0,0,0,0,unexposed_legacy,True,False,False
CLE-PDX,4,552,902.0,249.2782815085618,3,4,3,4,603,710,0.003170289855072464,2043.0,0,0,0,overlap,True,False,False
CLT-COS,4,282,405.0,172.4853485715563,4,4,4,4,299,328,0.0,1333.0,0,0,0,overlap,True,False,False
CLT-ILM,4,131,143.25,231.64110683243902,0,0,0,4,0,0,0.9967184541229127,185.0,0,0,0,unexposed_legacy,True,False,False
CLT-LAX,4,4154,4637.0,242.0544516448473,4,4,4,4,3585,1482,0.5520106752763534,2124.0,72,21,0,overlap,True,False,False
CLT-PDX,4,733,1192.0,226.57045882659133,4,3,3,4,1288,396,0.10806660307086419,2280.0,4,0,0,overlap,True,False,False
CLT-PHX,4,2397,2749.0,243.6062375601623,4,3,3,4,1605,740,0.5376245366305268,1773.0,58,2,0,overlap,True,False,False
CLT-RDU,4,111,129.75,180.6963083248088,0,0,0,4,0,0,1.0,129.0,0,0,0,unexposed_legacy,True,False,False
CLT-SEA,4,1519,2218.75,232.844229191999,4,3,3,4,1885,807,0.29910173864404577,2278.0,0,0,0,overlap,True,False,False
CMH-HNL,4,296,390.25,385.24300536878906,4,4,4,4,430,186,0.0,4518.0,0,0,0,overlap,True,False,False
CMH-PDX,4,747,1175.5,194.6644500614288,4,4,4,4,958,843,0.06257831576343524,2032.0,109,0,0,overlap,True,False,False
CMH-SEA,4,1305,1794.5,210.7615252463392,4,4,4,4,1382,1475,0.013407981845926783,2015.0,0,0,0,overlap,True,False,False
CMH-SFO,4,838,1114.75,246.679788480639,4,3,3,4,950,431,0.020048316706149618,2118.0,1,0,0,overlap,True,False,False
CMH-SJC,4,573,707.0,215.7493915420295,3,4,3,4,314,286,0.08466687678271022,2100.0,30,0,0,overlap,True,False,False
CMH-SMF,4,690,941.25,200.069622825493,3,4,3,4,460,386,0.05770302662934853,2057.0,0,11,0,overlap,True,False,False
CMH-SNA,4,891,964.0,211.48302080490788,4,3,3,4,767,209,0.017089422916580378,1973.0,39,11,0,overlap,True,False,False
COS-PHL,4,277,444.0,233.73687166895147,3,4,3,4,180,245,0.03788915177992519,1571.0,4,9,0,overlap,True,False,False
COS-RDU,4,349,414.0,188.85210654270855,4,4,4,4,184,206,0.0018752453018423018,1436.0,0,0,0,overlap,True,False,False
COS-TUL,4,107,155.0,185.89472615657337,0,0,0,4,0,0,0.0,516.0,0,0,0,unexposed_legacy,True,False,False
DCA-EWR,4,1891,2294.5,230.10348817033207,0,0,0,4,0,0,0.9977965278101499,199.0,0,0,0,unexposed_legacy,True,False,False
DCA-GEG,4,318,381.75,269.1264808685711,3,4,3,4,145,723,0.024339808206179085,2103.0,3,30,0,overlap,True,False,False
DCA-GPT,4,489,514.75,206.64261018636287,3,4,3,0,796,865,0.009424603174603174,899.0,19,0,0,overlap,True,False,False
DCA-HNL,4,529,584.75,490.9079844297144,4,3,3,4,455,167,0.0,4839.0,0,0,0,overlap,True,False,False
DCA-ILM,4,224,255.25,210.64781650388187,0,0,0,4,0,0,0.0011160714285714285,321.0,0,0,0,unexposed_legacy,True,False,False
DCA-LIT,4,895,992.25,189.31231703472676,4,4,4,0,930,1381,0.015840261283883845,888.0,8,56,0,overlap,True,False,False
DCA-PDX,4,1284,1535.25,254.05680221839066,4,4,4,4,626,519,0.03531816552927624,2348.0,125,10,0,overlap,True,False,False
DCA-PHL,4,204,238.5,132.5183807688728,0,0,0,4,0,0,0.995771576235749,119.0,0,0,0,unexposed_legacy,True,False,False
DCA-PVD,4,1990,2365.75,237.41029659390904,0,0,0,4,0,0,0.9790049310381461,357.0,0,0,0,unexposed_legacy,True,False,False
DCA-SNA,4,970,1109.75,234.5579709092678,4,3,3,4,645,257,0.055369020391124485,2286.0,0,2,0,overlap,True,False,False
DCA-VPS,4,475,526.0,280.1882744529067,4,4,4,0,1124,884,0.025654991189964366,807.0,54,0,0,overlap,True,False,False
DEN-ICT,4,790,989.25,201.37820678531153,0,0,0,4,0,0,0.9980353251950538,428.0,0,0,0,unexposed_legacy,True,False,False
DEN-LIH,4,486,578.0,385.3245679401944,0,0,0,4,0,0,0.03726888809257434,3403.0,0,0,0,unexposed_legacy,True,False,False
DEN-MFE,4,204,228.5,232.87839180064958,0,0,0,4,0,0,0.0,1015.0,0,0,0,unexposed_legacy,True,False,False
DEN-ORF,4,1084,1381.5,196.95431999992752,4,3,3,4,898,415,0.0077623464540220915,1562.0,27,0,0,overlap,True,False,False
DEN-RDU,4,3023,3397.75,184.06693117063116,4,3,3,4,1263,962,0.24310526178476416,1446.0,44,6,0,overlap,True,False,False
DFW-EGE,4,298,718.0,224.0718447370958,0,0,0,4,0,0,0.8532176933678242,722.0,0,0,0,unexposed_legacy,True,False,False
DFW-ELP,4,2363,2678.75,125.7480374053032,0,0,0,4,0,0,0.9865592893288488,553.0,0,0,0,unexposed_legacy,True,False,False
DFW-IAH,4,7248,7655.75,105.26809978339057,0,0,0,4,0,0,0.9842786151527032,225.0,0,0,0,unexposed_legacy,True,False,False
DFW-ICT,4,783,877.5,263.3915393773311,0,0,0,4,0,0,0.995143122417012,330.0,0,0,0,unexposed_legacy,True,False,False
DFW-KOA,4,141,161.75,433.66108577649527,0,0,0,4,0,0,0.0,3725.0,0,0,0,unexposed_legacy,True,False,False
DFW-LIH,4,161,228.5,442.3547165806424,0,0,0,4,0,0,0.0,3846.0,0,0,0,unexposed_legacy,True,False,False
DFW-MFE,4,1524,1888.25,143.35258017705357,0,0,0,4,0,0,0.9599480057702665,470.0,0,0,0,unexposed_legacy,True,False,False
DFW-OKC,4,974,1057.25,105.69316560559824,0,0,0,4,0,0,0.9992904332552066,176.0,0,0,0,unexposed_legacy,True,False,False
DFW-SAT,4,3275,3784.0,99.89003733353775,0,0,0,4,0,0,0.9698224305934382,247.0,0,0,0,unexposed_legacy,True,False,False
DFW-TUL,4,1547,1901.25,102.47267444607141,0,0,0,4,0,0,0.9855236625259619,238.0,0,0,0,unexposed_legacy,True,False,False
DFW-XNA,4,1038,1154.0,268.4198018300629,0,0,0,4,0,0,0.9945488753234839,281.0,0,0,0,unexposed_legacy,True,False,False
DTW-SAV,4,628,847.75,173.88771881865972,4,3,3,0,772,1402,0.37899060603640644,708.0,10,1119,0,overlap,True,False,False
DTW-SLC,4,1777,1901.25,238.40281443331742,4,4,4,4,2811,1301,0.3581814533122064,1479.0,2283,67,0,overlap,True,False,True
ELP-MFE,4,173,185.75,246.29941546672262,0,0,0,4,0,0,0.01878612716763006,628.0,0,0,0,unexposed_legacy,True,False,False
ELP-OKC,4,369,449.25,165.35498617205377,0,0,0,4,0,0,0.04162853155168554,564.0,0,0,0,unexposed_legacy,True,False,False
ELP-PHX,4,3982,4319.5,94.18669269507505,0,0,0,4,0,0,0.9932246347501701,346.0,0,0,0,unexposed_legacy,True,False,False
ELP-TUL,4,341,390.0,170.47137765980997,0,0,0,4,0,0,0.035371025538850596,675.0,0,0,0,unexposed_legacy,True,False,False
EUG-PDX,4,132,156.25,76.72241038743554,0,0,0,4,0,0,0.9950689762070837,106.0,0,0,0,unexposed_legacy,True,False,False
EWR-GEG,4,197,246.5,303.65772031394516,3,4,3,4,127,205,0.04040911875074805,2175.0,0,23,0,overlap,True,False,False
EWR-SMF,4,617,833.25,272.5866469935608,4,4,4,4,602,223,0.04532807639337563,2498.0,66,5,0,overlap,True,False,False
EWR-VPS,4,125,186.25,250.2144572723251,4,4,4,0,410,177,0.02069216961559083,1005.0,3,13,0,overlap,True,False,False
FAI-JNU,4,212,259.5,240.6855345486993,0,0,0,4,0,0,0.12439962190563023,623.0,0,0,0,unexposed_legacy,True,False,False
FAI-PDX,4,101,158.5,385.94094621469617,0,0,0,4,0,0,0.03923015021459228,1639.0,0,0,0,unexposed_legacy,True,False,False
FLL-LIT,4,513,566.25,177.4583312016436,4,4,4,0,843,283,0.015762276747475636,936.0,0,0,0,overlap,True,False,False
FLL-MEM,4,960,1236.5,191.6291914074119,3,4,3,0,529,2982,0.6287575678574482,852.0,0,2845,0,overlap,True,False,False
GEG-IAD,4,277,358.0,239.6839146468224,4,4,4,4,271,223,0.007425886315463459,2080.0,0,0,0,overlap,True,False,False
GEG-PHL,4,330,437.25,231.60944994818516,4,4,4,4,363,430,0.03123459510513779,2152.0,7,24,0,overlap,True,False,False
GEG-PIT,4,126,180.0,252.07767377165806,3,4,3,4,127,179,0.02459016393442623,1899.0,0,0,0,overlap,True,False,False
GEG-RDU,4,224,265.5,238.63902086921533,4,4,4,3,240,395,0.04484465659501732,2132.0,0,38,0,overlap,True,False,False
GEG-SEA,4,10569,12220.5,87.92120723002677,0,0,0,4,0,0,0.9962573180083052,223.0,0,0,0,unexposed_legacy,True,False,False
GPT-LGA,4,308,344.75,172.1242995084664,4,3,3,0,572,275,0.0006868131868131869,1113.0,0,1,0,overlap,True,False,False
GPT-MCI,4,178,204.5,177.68924835248058,3,4,3,0,157,319,0.025524150798198485,693.0,12,8,0,overlap,True,False,False
GPT-MCO,4,287,315.5,175.3028592658971,4,3,3,0,670,161,0.0007374631268436578,486.0,0,0,0,overlap,True,False,False
GPT-STL,4,127,160.5,214.3731422416627,3,4,3,0,162,261,0.02197802197802198,582.0,16,0,0,overlap,True,False,False
HNL-LGA,4,186,291.75,416.1038116781786,4,4,4,4,221,161,0.0,4974.0,0,0,0,overlap,True,False,False
HNL-PHL,4,1057,1196.0,364.870870357866,4,3,3,4,1175,543,0.0006876291715560681,4917.0,0,3,0,overlap,True,False,False
HNL-SDF,4,115,199.25,398.3449045573962,4,3,3,1,270,100,0.0,4381.0,0,0,0,overlap,True,False,False
HNL-SFO,4,9535,11324.25,224.52665235057196,3,4,3,4,4484,4998,0.9524124777684716,2399.0,4259,4970,0,overlap,True,True,False
IAD-MEM,4,365,399.75,211.46176195771838,4,3,3,0,215,119,0.006010529298200531,742.0,2,0,0,overlap,True,False,False
IAD-RDU,4,1111,1165.25,187.96581029207593,0,0,0,3,0,0,0.9902401908919953,224.0,0,0,0,unexposed_legacy,True,False,False
IAD-SDF,4,300,379.0,152.73782881330092,3,4,3,0,155,281,0.025990357415007423,451.0,0,18,0,overlap,True,False,False
IAH-MFE,4,1813,1999.5,115.73202967603692,0,0,0,4,0,0,0.9871300648454295,317.0,0,0,0,unexposed_legacy,True,False,False
IAH-MSY,4,7080,7364.5,127.77780989474422,0,0,0,4,0,0,0.9944783190308781,305.0,0,0,0,unexposed_legacy,True,False,False
IAH-SAT,4,1918,2057.0,106.96665142228328,0,0,0,4,0,0,0.9927674433892437,191.0,0,0,0,unexposed_legacy,True,False,False
ICT-ONT,4,127,167.75,249.48312041851506,0,0,0,4,0,0,0.0,1156.0,0,0,0,unexposed_legacy,True,False,False
ICT-RNO,4,101,106.5,273.0434904585904,0,0,0,4,0,0,0.0,1212.0,0,0,0,unexposed_legacy,True,False,False
ICT-TUS,4,106,141.0,263.77237978223496,0,0,0,4,0,0,0.027925531914893616,856.0,0,0,0,unexposed_legacy,True,False,False
IND-JAX,4,1822,2224.5,113.18622806913473,4,4,4,4,1222,633,0.46132751718955445,690.0,0,9,0,overlap,True,False,False
IND-MSY,4,862,945.0,168.72115617546834,4,4,4,4,562,949,0.031063814158568605,710.0,30,41,0,overlap,True,False,False
IND-STL,4,133,152.5,181.66061670683854,0,0,0,4,0,0,0.032563016680469875,229.0,0,0,0,unexposed_legacy,True,False,False
IND-VPS,4,190,208.5,198.6729114448259,3,4,3,0,248,458,0.010101010101010102,646.0,0,8,0,overlap,True,False,False
JAX-MEM,4,322,421.5,207.0787281386228,4,3,3,0,331,298,0.2222241936840576,576.0,0,265,0,overlap,True,False,False
JAX-MKE,4,593,617.75,177.75761364358786,4,4,4,0,641,793,0.004036751411387034,927.0,0,0,0,overlap,True,False,False
JAX-SEA,4,1506,1604.25,213.82507498771722,4,3,3,4,2734,499,0.0274880431176229,2442.0,149,0,0,overlap,True,False,False
JAX-SLC,4,600,687.5,236.35293170796825,4,3,3,4,1251,188,0.0,1834.0,0,0,0,overlap,True,False,False
JFK-MCI,4,179,272.75,172.12119977216327,4,4,4,3,252,422,0.07346595295473869,1112.0,14,18,0,overlap,True,False,False
JFK-SAT,4,266,337.5,210.45536357751314,3,4,3,4,184,181,0.007303585049580473,1587.0,0,8,0,overlap,True,False,False
JNU-KTN,4,426,487.25,167.98928662502988,0,0,0,4,0,0,0.96964681113488,235.0,0,0,0,unexposed_legacy,True,False,False
JNU-SEA,4,781,1542.0,256.310348429575,0,0,0,4,0,0,0.9308574884836643,909.0,0,0,0,unexposed_legacy,True,False,False
JNU-SIT,4,437,482.75,126.4963722229005,0,0,0,4,0,0,1.0,95.0,0,0,0,unexposed_legacy,True,False,False
KOA-RNO,4,112,156.25,359.05679686144424,0,0,0,4,0,0,0.007336048454469507,2551.0,0,0,0,unexposed_legacy,True,False,False
KOA-SAN,4,626,811.75,281.4006628790658,0,0,0,3,0,0,0.0,2557.0,0,0,0,unexposed_legacy,True,False,False
KTN-SEA,4,437,919.5,237.05585503764513,0,0,0,4,0,0,0.9939124356702085,678.0,0,0,0,unexposed_legacy,True,False,False
KTN-SIT,4,119,142.75,165.26703841853575,0,0,0,4,0,0,0.9119897132630242,184.0,0,0,0,unexposed_legacy,True,False,False
LAS-LGA,4,1179,2192.75,206.4221045679364,4,4,4,4,620,753,0.0781236771375255,2240.0,40,212,0,overlap,True,False,False
LAS-PHX,4,22926,24782.75,94.86841202566121,0,0,0,4,0,0,0.9985480800907077,256.0,0,0,0,unexposed_legacy,True,False,False
LAS-PSP,4,237,418.0,106.56719406233927,0,0,0,4,0,0,0.994053967401928,174.0,0,0,0,unexposed_legacy,True,False,False
LAS-SNA,4,12038,13577.0,100.02781470002515,0,0,0,4,0,0,0.9970329367127604,227.0,0,0,0,unexposed_legacy,True,False,False
LAS-VPS,4,347,358.0,323.81746588223905,4,3,3,0,748,116,0.0,1679.0,0,0,0,overlap,True,False,False
LAX-MOD,4,638,734.0,60.92735167922161,0,0,0,4,0,0,0.9702756011542654,292.0,0,0,0,unexposed_legacy,True,False,False
LAX-VPS,4,294,317.25,339.69293368451713,4,4,4,0,562,152,0.0,1858.0,0,0,0,overlap,True,False,False
LAX-YUM,4,141,173.25,81.8140769853837,0,0,0,4,0,0,0.9907194848824188,237.0,0,0,0,unexposed_legacy,True,False,False
LGA-LIT,4,741,1147.75,177.4150272275088,4,4,4,0,1233,1466,0.019741538994328043,1085.0,1,80,0,overlap,True,False,False
LGA-PDX,4,940,1203.5,236.76753866055486,4,4,4,4,787,669,0.044857078877831115,2442.0,31,136,0,overlap,True,False,False
LGA-PHX,4,1724,2093.75,174.60623343437737,4,4,4,4,714,1318,0.09068984874435887,2147.0,118,146,0,overlap,True,True,False
LGA-SAT,4,1757,2129.75,188.1665210306995,4,4,4,4,952,1134,0.10230432658527974,1586.0,73,146,0,overlap,True,False,False
LGA-SEA,4,1014,1212.75,228.77011921665917,4,4,4,4,405,787,0.06220339884792715,2409.0,6,24,0,overlap,True,False,False
LGA-SFO,4,1059,1582.75,260.8566824561944,3,4,3,4,493,464,0.05603909739622267,2576.0,23,53,0,overlap,True,False,False
LGA-SLC,4,680,1104.5,202.53697222864545,4,3,3,4,1317,536,0.07848278258232781,1979.0,303,35,0,overlap,True,False,False
LGA-SMF,4,747,1029.25,215.00121958282838,4,4,4,4,515,454,0.010776415914606435,2511.0,0,10,0,overlap,True,False,False
LGA-SNA,4,860,1401.25,199.73152400441265,4,3,3,4,655,370,0.14871948310771255,2446.0,53,0,0,overlap,True,False,False
LGA-VPS,4,260,299.25,226.55646789396303,4,4,4,0,797,303,0.039931693278549264,1021.0,4,6,0,overlap,True,False,False
LIH-ORD,4,387,441.75,424.22519682924906,0,0,0,4,0,0,0.004227392253866382,4288.0,0,0,0,unexposed_legacy,True,False,False
LIH-PHX,4,946,1021.75,293.21217902950457,0,0,0,4,0,0,0.30788860327387013,2979.0,0,0,0,unexposed_legacy,True,False,False
LIH-SAN,4,729,1042.25,290.065853614928,0,0,0,3,0,0,0.00023741690408357076,2676.0,0,0,0,unexposed_legacy,True,False,False
LIT-MCO,4,991,1130.75,196.860950300672,4,4,4,0,888,580,0.2639895540036461,776.0,7,18,0,overlap,True,False,False
LIT-MIA,4,250,284.25,214.95028556004365,4,4,4,0,444,126,0.006779661016949152,943.0,0,0,0,overlap,True,False,False
LIT-TPA,4,608,701.75,190.93342944896023,4,4,4,0,878,741,0.027319082979156813,739.0,0,80,0,overlap,True,False,False
MCI-MIA,4,676,890.25,185.14197647682153,4,3,3,4,604,327,0.06788813051969188,1254.0,14,0,0,overlap,True,False,False
MCI-MSY,4,796,1079.25,158.84591139692162,3,4,3,4,266,739,0.09657664207780753,692.0,0,98,0,overlap,True,False,False
MCI-ORF,4,715,868.5,182.57606005540003,4,4,4,3,416,702,0.010246673859387847,1020.0,14,5,0,overlap,True,False,False
MCI-VPS,4,258,360.75,179.62939946143092,4,4,4,0,340,685,0.014221932114882506,760.0,13,13,0,overlap,True,False,False
MDT-RDU,4,190,206.5,182.29574577234965,0,0,0,3,0,0,0.01095653111600813,318.0,0,0,0,unexposed_legacy,True,False,False
MEM-MIA,4,1126,1219.75,187.81063358844114,4,4,4,3,438,2294,0.7752028217875631,862.0,0,2173,0,overlap,True,False,False
MEM-ORF,4,270,322.0,306.4780849725891,4,4,4,0,441,206,0.0432615707497164,781.0,47,0,0,overlap,True,False,False
MFR-PDX,4,946,1133.25,124.01349809572946,0,0,0,4,0,0,0.9926532329436023,223.0,0,0,0,unexposed_legacy,True,False,False
MIA-MKE,4,447,598.75,179.57720281783696,3,4,3,0,600,618,0.018134512839364115,1263.0,0,18,0,overlap,True,False,False
MKE-PBI,4,337,438.25,163.54550867422245,4,4,4,0,765,194,0.010587726879861712,1208.0,0,0,0,overlap,True,False,False
MKE-VPS,4,106,152.25,172.12203481656215,3,4,3,0,123,432,0.043876596494819564,870.0,0,18,0,overlap,True,False,False
MOD-SAN,4,188,197.0,115.74149513401156,0,0,0,4,0,0,0.0,400.0,0,0,0,unexposed_legacy,True,False,False
MSP-PBI,4,607,765.0,190.37774955626136,4,4,4,4,1166,682,0.037237790688040735,1455.0,0,0,0,overlap,True,False,False
OAK-PDX,4,8641,10484.75,115.06238930023837,0,0,0,4,0,0,0.9869899282398045,544.0,0,0,0,unexposed_legacy,True,False,False
ONT-PHX,4,9267,9922.25,96.08349412708,0,0,0,4,0,0,0.9929147063776326,325.0,0,0,0,unexposed_legacy,True,False,False
ORD-VPS,4,280,381.0,192.1322095595662,3,4,3,0,249,682,0.2857902143121074,803.0,0,123,0,overlap,True,False,False
ORF-SAT,4,962,1059.0,205.79807786720272,4,3,3,4,1146,277,0.008779123039958953,1382.0,5,0,0,overlap,True,False,False
ORF-SDF,4,543,669.5,133.83174584179488,3,4,3,0,215,305,0.02253502204156178,530.0,0,0,0,overlap,True,False,False
ORF-SEA,4,1190,1457.5,240.07532691089645,4,4,4,4,1547,506,0.015424365244319897,2435.0,0,0,0,overlap,True,False,False
PDX-PHL,4,1510,2190.0,210.28161278403584,4,4,4,4,1864,829,0.28778194212440245,2403.0,111,1,0,overlap,True,False,False
PDX-PIT,4,601,886.0,229.0300020063961,4,4,4,4,970,385,0.022622460505197964,2145.0,0,0,0,overlap,True,False,False
PDX-RDM,4,759,876.25,90.95290436092998,0,0,0,4,0,0,0.9967799533160717,116.0,0,0,0,unexposed_legacy,True,False,False
PDX-RDU,4,766,1054.25,224.14134367813577,4,4,4,4,1347,342,0.003660274313559679,2361.0,3,3,0,overlap,True,False,False
PDX-SDF,4,400,543.75,229.59428793191665,4,4,4,3,427,416,0.0013066202090592336,1948.0,0,0,0,overlap,True,False,False
PDX-SMF,4,9677,11574.0,96.73309020846594,0,0,0,4,0,0,0.9876932534472533,480.0,0,0,0,unexposed_legacy,True,False,False
PHL-RIC,4,796,893.5,232.89604518945976,0,0,0,4,0,0,0.9861723805987778,198.0,0,0,0,unexposed_legacy,True,False,False
PHL-ROC,4,620,676.75,243.0108367636922,0,0,0,4,0,0,0.9461701124873405,258.0,0,0,0,unexposed_legacy,True,False,False
PHL-SEA,4,3174,4562.75,237.43823951852244,4,4,4,4,2764,1852,0.45662682029012086,2375.0,136,62,0,overlap,True,False,False
PHL-SJC,4,1214,1685.0,210.63139256558696,4,4,4,4,770,400,0.032939986376061686,2500.0,0,40,0,overlap,True,False,False
PHL-SYR,4,278,335.25,250.91151827456588,0,0,0,4,0,0,0.9699344577430387,229.0,0,0,0,unexposed_legacy,True,False,False
PHL-VPS,4,179,252.5,250.80801464641004,4,4,4,0,670,255,0.001901388085598612,925.0,0,1,0,overlap,True,False,False
PHX-SNA,4,15167,15853.5,100.00386917308685,0,0,0,4,0,0,0.9896806270280911,338.0,0,0,0,unexposed_legacy,True,False,False
PIT-SAT,4,998,1069.75,183.57463898579942,3,4,3,4,445,1008,0.020944258840552177,1277.0,34,0,0,overlap,True,False,False
PIT-SEA,4,1183,1817.5,215.3898971729841,4,4,4,4,1620,1009,0.02925567426834571,2122.0,34,0,0,overlap,True,False,False
RDU-SEA,4,1594,2238.75,211.11109017048642,4,4,4,4,2564,659,0.02611017416953105,2352.0,61,0,0,overlap,True,False,False
RNO-SFO,4,772,947.0,138.7003777707233,0,0,0,4,0,0,0.9994817580988995,192.0,0,0,0,unexposed_legacy,True,False,False
ROC-SAN,4,513,595.25,215.67684117932643,4,3,3,4,508,247,0.0003834355828220859,2249.0,0,0,0,overlap,True,False,False
ROC-SAT,4,131,151.5,272.5525991644773,4,4,4,1,104,116,0.0019083969465648854,1485.0,0,0,0,overlap,True,False,False
SBA-SJC,4,472,514.25,108.32445659090284,0,0,0,4,0,0,0.9902449849561847,234.0,0,0,0,unexposed_legacy,True,False,False
SDF-SEA,4,720,980.5,226.5490801687609,4,4,4,4,788,730,0.005295083476034627,1943.0,0,0,0,overlap,True,False,False
SDF-SFO,4,335,618.25,255.7225040158727,4,4,4,4,662,292,0.019741865402883016,1987.0,0,0,0,overlap,True,False,False
SDF-SJC,4,322,366.25,218.48078662151397,4,4,4,4,175,188,0.0033333333333333335,1967.0,0,0,0,overlap,True,False,False
SDF-SLC,4,597,641.25,210.74821592752386,4,3,3,4,737,511,0.007492729763627262,1407.0,0,0,0,overlap,True,False,False
SEA-SIT,4,192,452.5,247.99527086023375,0,0,0,4,0,0,0.7983648507044873,861.0,0,0,0,unexposed_legacy,True,False,False
SEA-VPS,4,102,115.0,366.4529651417423,4,3,3,0,174,57,0.0,2216.0,0,0,0,overlap,True,False,False
SFO-SNA,4,4460,4928.25,184.97107872480177,0,0,0,4,0,0,0.9612106907080893,372.0,0,0,0,unexposed_legacy,True,False,False
SJU-STT,4,1478,1588.75,116.71488614795327,0,0,0,4,0,0,0.999830852503383,0.0,0,0,0,unexposed_legacy,True,False,False
STL-VPS,4,369,411.0,253.57954150921034,4,4,4,0,350,951,0.03524910403915304,611.0,0,42,0,overlap,True,False,False
