t,quarter,honestdid_block,pooled_period,weight_a,event_b,weighted_contribution
1,2005Q1,pre,pre,-0.065957540874346118,-0.039897318069558291,0.0026315289873496787
2,2005Q2,pre,pre,-0.066363958489857253,-0.07649977386954751,0.0050768278175621177
3,2005Q3,pre,pre,-0.066363958489857808,-0.071146441501391183,0.0047215594904994216
4,2005Q4,pre,pre,-0.066776211845495842,-0.032588590952536502,0.0021761426531927866
5,2006Q1,pre,pre,-0.066776211845495134,-0.086488337931391324,0.0057753635758713597
6,2006Q2,pre,pre,-0.066776211845495828,-0.0060367878506283421,0.00040311382437987358
7,2006Q3,pre,pre,-0.066776211845495162,0.032128842423361614,-0.0021454423880129274
8,2006Q4,pre,pre,-0.066776211845495842,0.0061785815131309586,-0.00041258226802549713
9,2007Q1,pre,pre,-0.066776211845495134,-0.033115181257725307,0.0022113063589678352
10,2007Q2,pre,pre,-0.0667762118454958,0.0012295055020448925,-8.210171986975241e-05
11,2007Q3,pre,pre,-0.066776211845495204,-0.0095289857401789288,0.00063630957045889111
13,2008Q1,post,pre,-0.066776211845495176,-0.010854904440901406,0.00072484939850823863
14,2008Q2,post,pre,-0.0667762118454958,-0.014772846900712159,0.00098647475420303118
15,2008Q3,post,pre,-0.066776211845495162,-0.047689050445196828,0.0031844941352389688
16,2008Q4,post,completion_and_later,0.11117982000371478,-0.08534035264967775,-0.0094881250466447159
17,2009Q1,post,completion_and_later,0.11117982000371464,-0.13041608238087854,-0.014499636564695696
18,2009Q2,post,completion_and_later,0.11117982000371811,-0.081671005838267488,-0.0090801677286211895
19,2009Q3,post,completion_and_later,0.11117982000371807,-0.059340528778008668,-0.0065974693084644553
20,2009Q4,post,completion_and_later,0.11117982000371805,-0.046575108496047651,-0.0051782121792442173
21,2010Q1,post,completion_and_later,0.11117982000371802,-0.090398483194846377,-0.010050487090212149
22,2010Q2,post,completion_and_later,0.11117982000371805,-0.063234685522669171,-0.0070304209544020738
23,2010Q3,post,completion_and_later,0.11056143997026392,-0.11256597129227787,-0.012445455877725631
24,2010Q4,post,completion_and_later,0.11117982000371798,-0.080618201146331725,-0.0089631170924726923
