quarter,2005Q1,2005Q2,2005Q3,2005Q4,2006Q1,2006Q2,2006Q3,2006Q4,2007Q1,2007Q2,2007Q3,2008Q1,2008Q2,2008Q3,2008Q4,2009Q1,2009Q2,2009Q3,2009Q4,2010Q1,2010Q2,2010Q3,2010Q4
2005Q1,0.00074989811523276,0.00074497403324020424,0.00071070483225033748,0.00054057820286946092,0.00048644412988496622,0.0002700520567072833,0.00017942473359439248,0.00018964296732432691,0.00014544995209676584,0.00013523675479501829,9.2277126540691389e-05,-2.861097038268284e-05,6.4670389809188647e-05,5.1207823287579298e-05,4.5489653246145922e-05,9.349980051620803e-05,0.00010494672939016752,0.0001146184149882811,0.00011002334402773038,8.804697227473024e-05,6.8164806626517513e-05,0.00016998565161434925,8.7381154944176842e-05
2005Q2,0.00074497403324020315,0.00088162002362486753,0.00081168530521452524,0.00057302274375127635,0.00047788694901669841,0.00027141640175968592,0.00016883743036104199,0.00018521025641198143,0.00012344759307795987,0.00014623936965275285,0.00010136537694392117,-2.8197990885070106e-05,7.577169753512679e-05,5.7123357893476474e-05,4.3734479463799418e-05,8.1757910507829123e-05,0.00010783016521531607,0.00012071592686662276,9.1441531012515935e-05,7.050276963252035e-05,7.2227700277296828e-05,0.00026722772948396318,9.0126545652733105e-05
2005Q3,0.00071070483225033575,0.00081168530521452513,0.00090061823488808202,0.000631962229582001,0.0005352698195447475,0.00030051118511058164,0.00018926802633955996,0.00020289571426883408,0.00014025854759950191,0.00016857813850659377,0.00012989765107290324,-1.6196905596465854e-05,9.1250455489709151e-05,9.362834139263796e-05,5.2960092011016097e-05,6.8512083650173252e-05,7.2127960594591808e-05,9.7888848403287221e-05,9.6168815294069999e-05,5.0422042372427499e-05,5.4686064127965001e-05,0.00019154434470343236,5.1456299704910707e-05
2005Q4,0.00054057820286946212,0.00057302274375127819,0.00063196222958200327,0.00068165932618714082,0.00057104808339696023,0.00028499119326654286,0.00016048041013475538,0.00017942885091051775,0.00016005948969359123,0.00016533882256695954,9.1191099083061798e-05,9.4053624665442354e-06,6.519806668549966e-05,6.310022782117603e-05,4.2203447889694627e-05,8.5725736721351334e-05,0.00010068101182890101,7.2433887413170118e-05,9.2930044374916779e-05,6.5531920348172205e-05,6.7719710074507148e-05,3.6415798687417333e-05,3.1613901768719244e-05
2006Q1,0.00048644412988496654,0.00047788694901669982,0.00053526981954474966,0.00057104808339696078,0.00061979928718798908,0.00032816761191996433,0.00020657612803750208,0.00019304258015051277,0.00018887476452508143,0.00018742009740265562,0.00010635269185102383,3.1889041864051802e-05,7.091626943049862e-05,3.9527173930766372e-05,3.3686851152025809e-05,9.180716719241044e-05,9.0905058334357619e-05,5.5327000024847163e-05,6.6340169274318038e-05,6.1341980615002076e-05,6.1583695709984844e-05,3.2174166941069977e-05,1.2254469658051119e-05
2006Q2,0.00027005205670728298,0.00027141640175968711,0.00030051118511058251,0.00028499119326654194,0.00032816761191996373,0.00035828314365304534,0.00029193939957785069,0.00022603626268826731,0.00017928819854123521,0.0001874789031188274,0.00013202085552053229,1.8873313103193323e-05,5.1887164827680692e-05,2.1748224498230243e-05,8.2624006412150345e-06,2.1236491027636152e-05,4.0685815809440368e-05,1.6136329330521888e-05,2.0031396868275451e-05,3.0112059835346807e-05,3.7907712375483758e-05,2.0883236385762831e-05,5.2654876375738358e-05
2006Q3,0.0001794247335943922,0.00016883743036104297,0.00018926802633956064,0.00016048041013475527,0.00020657612803750148,0.00029193939957785118,0.00044203609483695549,0.00027268847139509986,0.00020904506990543619,0.00019249608566870258,0.00016484266128368949,3.9406915786039377e-05,9.6567713440875292e-05,6.9504342130648523e-05,4.1277280448521731e-05,4.7176212026914035e-05,7.753595258996048e-05,6.1146686541058514e-05,7.1147821526112886e-05,8.7805329784945124e-05,9.5229631120803153e-05,9.0144296972617582e-05,9.5964055411662568e-05
2006Q4,0.00018964296732432731,0.00018521025641198292,0.00020289571426883421,0.00017942885091051743,0.00019304258015051187,0.0002260362626882675,0.00027268847139510046,0.00028146611414654364,0.0001994643086349255,0.00016621990662831266,0.0001158189039797015,-1.0084991869897957e-06,2.4904405111069765e-05,-8.9370525771049599e-06,-2.7844340323377499e-06,2.0317661924753608e-05,3.3587541372955182e-05,2.7373507228472583e-05,3.7571611610151125e-05,2.9546837601965473e-05,3.9866096449431125e-05,3.5300442509703729e-05,3.249593602977947e-05
2007Q1,0.00014544995209676598,0.00012344759307796044,0.00014025854759950254,0.00016005948969359047,0.00018887476452508076,0.00017928819854123531,0.00020904506990543603,0.00019946430863492532,0.0002577522183378313,0.00016463299774592481,9.8524330961764837e-05,3.7200747355293438e-05,1.9662943139805636e-05,-2.1642429402759051e-05,-1.7800530296088639e-05,4.3198050311373749e-05,3.1832808088771763e-05,8.0825696413378685e-06,7.094225718134614e-06,4.1311054684445562e-05,2.6856796452688013e-05,-3.4172382886811623e-05,-1.0307887580393309e-06
2007Q2,0.00013523675479501786,0.0001462393696527542,0.00016857813850659368,0.00016533882256695859,0.00018742009740265478,0.00018747890311882726,0.00019249608566870239,0.0001662199066283123,0.00016463299774592522,0.00021637817095126861,0.00013065656283502771,9.0910101822090627e-06,2.4721285141953065e-05,4.8410097035784643e-06,4.7541545301508703e-06,2.567514512818273e-05,4.7368889904729196e-05,2.2281775523190231e-05,1.8079264673056716e-05,1.3675064118457104e-05,2.8676634876528131e-05,2.1619137525090211e-05,2.568217513342974e-05
2007Q3,9.2277126540691307e-05,0.00010136537694392258,0.00012989765107290462,9.1191099083061459e-05,0.00010635269185102307,0.00013202085552053262,0.00016484266128368941,0.00011581890397970142,9.8524330961765027e-05,0.00013065656283502784,0.00013386600242158166,-5.1632404785063434e-07,3.8673845653361709e-05,3.1015894371699896e-05,7.9791532335721638e-06,3.7801249616661019e-06,2.1991211632821497e-05,3.5770573167482556e-05,3.1786714194469647e-05,2.2470441717942876e-05,3.5253879710221589e-05,4.7514162223519238e-05,3.0198013000842225e-05
2008Q1,-2.8610970382682939e-05,-2.8197990885068656e-05,-1.6196905596465278e-05,9.4053624665434002e-06,3.1889041864050901e-05,1.887331310319338e-05,3.9406915786039384e-05,-1.0084991869901038e-06,3.7200747355293702e-05,9.0910101822090966e-06,-5.1632404785069152e-07,0.00017489559745155538,0.0001208343707783999,8.4609100788098532e-05,6.5444744720144106e-05,0.00010015969751510686,8.3127938767871658e-05,4.9354541048594458e-05,2.247635703665737e-05,5.9093673287152632e-05,3.7821385989858392e-05,3.7871281660121784e-05,3.3744476344120121e-05
2008Q2,6.4670389809188755e-05,7.5771697535127847e-05,9.1250455489710655e-05,6.5198066685499091e-05,7.0916269430497684e-05,5.1887164827680679e-05,9.6567713440875346e-05,2.4904405111069582e-05,1.9662943139805755e-05,2.4721285141953038e-05,3.8673845653361878e-05,0.00012083437077839981,0.00026468131680784841,0.00023333535566529611,0.00018440780578331346,0.00013764089779422995,0.00014333401913254869,0.00014091897238476919,0.00012271577198979549,0.00014076039998244723,0.00014067213304827227,0.00017564525053802716,0.00013240038497467642
2008Q3,5.1207823287579399e-05,5.7123357893477829e-05,9.3628341392639587e-05,6.3100227821175515e-05,3.9527173930765897e-05,2.1748224498230626e-05,6.9504342130649133e-05,-8.9370525771049023e-06,-2.1642429402758421e-05,4.8410097035783694e-06,3.1015894371700147e-05,8.4609100788098613e-05,0.00023333535566529636,0.0003065408468405661,0.00024190767888274771,0.00015663531546303934,0.00016263646673250824,0.00016620086712102521,0.00015925360368201775,0.00015746588583547084,0.00015677593340633129,0.00017700924852428546,0.00015803235851161466
2008Q4,4.5489653246145712e-05,4.373447946380057e-05,5.2960092011017513e-05,4.2203447889694356e-05,3.3686851152025402e-05,8.2624006412156732e-06,4.1277280448521988e-05,-2.7844340323378909e-06,-1.7800530296088439e-05,4.7541545301505637e-06,7.9791532335722451e-06,6.5444744720144146e-05,0.00018440780578331357,0.00024190767888274781,0.00030519702582805801,0.00023128627689846898,0.00023176310613791533,0.00020990298516707594,0.00020806112256942867,0.00019439249530703054,0.00018836637298212197,0.00020526595196494084,0.00019527289922670357
2009Q1,9.3499800516207921e-05,8.175791050782999e-05,6.8512083650174892e-05,8.5725736721350764e-05,9.1807167192409667e-05,2.123649102763689e-05,4.717621202691432e-05,2.0317661924753997e-05,4.3198050311374304e-05,2.567514512818314e-05,3.7801249616664636e-06,0.00010015969751510698,0.00013764089779423039,0.00015663531546303972,0.00023128627689846917,0.00045119257947090198,0.00039842398026055146,0.00029463597140962447,0.00024575956605339189,0.00027429155911450759,0.00022050584052995981,0.00026636674216076424,0.00021274213029197781
2009Q2,0.00010494672939016721,0.00010783016521531647,7.2127960594592025e-05,0.00010068101182890016,9.0905058334357294e-05,4.0685815809440375e-05,7.7535952589960385e-05,3.3587541372954911e-05,3.183280808877179e-05,4.7368889904729264e-05,2.1991211632821605e-05,8.312793876787132e-05,0.00014333401913254825,0.00016263646673250786,0.00023176310613791493,0.0003984239802605507,0.00050317485477440935,0.00039406604146555532,0.00033133617366953752,0.00034984223461380311,0.0003064095809753768,0.00034004808152735639,0.0002771019163788835
2009Q3,0.00011461841498828081,0.00012071592686662388,9.7888848403287397e-05,7.2433887413168396e-05,5.5327000024846357e-05,1.613632933052101e-05,6.114668654105766e-05,2.7373507228471736e-05,8.0825696413372163e-06,2.2281775523189777e-05,3.5770573167481811e-05,4.9354541048593801e-05,0.00014091897238476859,0.00016620086712102443,0.00020990298516707504,0.00029463597140962382,0.00039406604146555521,0.00046145714224459601,0.00037161796857296091,0.00037204735493420185,0.00035300984366737809,0.00037792845764908652,0.00029720657301967858
2009Q4,0.00011002334402773004,9.1441531012516382e-05,9.6168815294070419e-05,9.2930044374916278e-05,6.6340169274317401e-05,2.0031396868275482e-05,7.1147821526112737e-05,3.7571611610150441e-05,7.0942257181347901e-06,1.8079264673056672e-05,3.1786714194469478e-05,2.2476357036657332e-05,0.00012271577198979511,0.0001592536036820175,0.00020806112256942886,0.00024575956605339162,0.00033133617366953779,0.0003716179685729615,0.0004027460745186934,0.00036955057426376145,0.00033398396923428879,0.00033475267559957239,0.00031202270012200048
2010Q1,8.8046972274730484e-05,7.0502769632521989e-05,5.042204237242876e-05,6.5531920348171243e-05,6.1341980615001467e-05,3.0112059835346807e-05,8.7805329784945287e-05,2.954683760196507e-05,4.1311054684445982e-05,1.3675064118456655e-05,2.2470441717942686e-05,5.9093673287152381e-05,0.00014076039998244715,0.00015746588583547008,0.00019439249530703043,0.00027429155911450705,0.00034984223461380348,0.00037204735493420255,0.00036955057426376134,0.00044855676306961825,0.00038222798108629625,0.00036249898216896882,0.00031682867147614184
2010Q2,6.8164806626517038e-05,7.2227700277297506e-05,5.4686064127966193e-05,6.7719710074506254e-05,6.1583695709984735e-05,3.7907712375484192e-05,9.5229631120803519e-05,3.9866096449431274e-05,2.6856796452688603e-05,2.8676634876528334e-05,3.5253879710221901e-05,3.7821385989858717e-05,0.0001406721330482724,0.00015677593340633145,0.00018836637298212205,0.00022050584052996,0.00030640958097537778,0.00035300984366737939,0.00033398396923428901,0.0003822279810862968,0.000444775031120447,0.00041431991439541921,0.00034904715486657351
2010Q3,0.00016998565161434882,0.0002672277294839635,0.0001915443447034328,3.6415798687416513e-05,3.2174166941068432e-05,2.0883236385762913e-05,9.0144296972617392e-05,3.530044250970274e-05,-3.4172382886811501e-05,2.1619137525089242e-05,4.7514162223519129e-05,3.7871281660120646e-05,0.00017564525053802716,0.00017700924852428438,0.00020526595196494025,0.00026636674216076349,0.00034004808152735591,0.0003779284576490869,0.00033475267559957185,0.00036249898216896839,0.00041431991439541818,0.0007113699755481762,0.0004378337264755009
2010Q4,8.7381154944176124e-05,9.0126545652733593e-05,5.1456299704912204e-05,3.1613901768718546e-05,1.2254469658050713e-05,5.2654876375738832e-05,9.5964055411663218e-05,3.2495936029779327e-05,-1.0307887580386895e-06,2.5682175133429446e-05,3.0198013000842608e-05,3.3744476344119606e-05,0.00013240038497467651,0.0001580323585116142,0.0001952728992267037,0.00021274213029197743,0.00027710191637888367,0.00029720657301967923,0.00031202270012200075,0.00031682867147614163,0.00034904715486657335,0.00043783372647550231,0.00052378381680243742
