cohort,treated,group,t,year,quarter,quarter_label,fixed_route_members,observed_route_count,missing_route_count,passengers,fare_revenue_proxy,equal_route_mean_fare,pooled_passenger_weighted_fare,mean_route_log_fare
primary_fixed_260_available_cells,0,Legacy comparison routes,1,2005,1,2005Q1,104,102,2,197227,21709748.895969391,181.16846679690184,110.07493343187997,5.0931911883286176
primary_fixed_260_available_cells,0,Legacy comparison routes,2,2005,2,2005Q2,104,103,1,228353,26418685.929714203,187.75767008373083,115.69230940567543,5.1382742585111503
primary_fixed_260_available_cells,0,Legacy comparison routes,3,2005,3,2005Q3,104,103,1,228063,26753036.894607544,191.45851491228834,117.30546776376502,5.1483727177187584
primary_fixed_260_available_cells,0,Legacy comparison routes,4,2005,4,2005Q4,104,104,0,234911,27364712.89956665,184.98908395962093,116.48970418399585,5.120003543096356
primary_fixed_260_available_cells,0,Legacy comparison routes,5,2006,1,2006Q1,104,104,0,222923,27430612.927204132,198.17539061659744,123.04972087763099,5.1868582041390976
primary_fixed_260_available_cells,0,Legacy comparison routes,6,2006,2,2006Q2,104,104,0,235307,30582962.215564728,198.79562286836475,129.97047353272418,5.1825969442551232
primary_fixed_260_available_cells,0,Legacy comparison routes,7,2006,3,2006Q3,104,104,0,226220,28872477.96572876,191.59989765131371,127.63008560573229,5.1355663480266003
primary_fixed_260_available_cells,0,Legacy comparison routes,8,2006,4,2006Q4,104,104,0,231907,28043865.076412201,186.1652296635389,120.92720390679109,5.114874368920125
primary_fixed_260_available_cells,0,Legacy comparison routes,9,2007,1,2007Q1,104,104,0,218507,27282818.92640686,193.18835504916981,124.86015974960463,5.151518946093832
primary_fixed_260_available_cells,0,Legacy comparison routes,10,2007,2,2007Q2,104,104,0,232546,29814181.016124725,195.84911778093849,128.20767080975259,5.1715948661930717
primary_fixed_260_available_cells,0,Legacy comparison routes,11,2007,3,2007Q3,104,104,0,218875,29096639.911140442,197.85989825556379,132.93724688128128,5.1779889936780181
primary_fixed_260_available_cells,0,Legacy comparison routes,12,2007,4,2007Q4,104,104,0,224246,28891050.943927765,191.89267776914565,128.83641600709831,5.1505013116074698
primary_fixed_260_available_cells,0,Legacy comparison routes,13,2008,1,2008Q1,104,104,0,213742,27925130.952655792,201.25243028363644,130.64877727660354,5.1889929511258766
primary_fixed_260_available_cells,0,Legacy comparison routes,14,2008,2,2008Q2,104,104,0,216216,29683997.054195404,207.78197219409336,137.2886236642774,5.225234246302259
primary_fixed_260_available_cells,0,Legacy comparison routes,15,2008,3,2008Q3,104,104,0,200772,29801445.862564087,221.16953633757581,148.43427301896722,5.2785591947031296
primary_fixed_260_available_cells,0,Legacy comparison routes,16,2008,4,2008Q4,104,104,0,193019,27931928.98400116,214.9755904909396,144.71077450407037,5.2585961568793413
primary_fixed_260_available_cells,0,Legacy comparison routes,17,2009,1,2009Q1,104,104,0,173722,23429554.985290527,203.41653956676763,134.86809376642296,5.2031085051846686
primary_fixed_260_available_cells,0,Legacy comparison routes,18,2009,2,2009Q2,104,104,0,197933,25570475.030250549,192.76234442136885,129.18752825577619,5.158225851400374
primary_fixed_260_available_cells,0,Legacy comparison routes,19,2009,3,2009Q3,104,104,0,194831,26079701.041059494,195.57699714919531,133.85806694550402,5.177348827546715
primary_fixed_260_available_cells,0,Legacy comparison routes,20,2009,4,2009Q4,104,104,0,200482,25933935.164134979,200.24260987875778,129.35792322570094,5.1946826055608906
primary_fixed_260_available_cells,0,Legacy comparison routes,21,2010,1,2010Q1,104,104,0,180500,25197085.035736084,210.19067825669237,139.59603897914727,5.2466037623088102
primary_fixed_260_available_cells,0,Legacy comparison routes,22,2010,2,2010Q2,104,104,0,187064,27794964.070831299,209.07856528699557,148.58531877235222,5.251247749434838
primary_fixed_260_available_cells,0,Legacy comparison routes,23,2010,3,2010Q3,104,103,1,178773,27972364.956771851,221.4547287617838,156.46862197743422,5.3171665637680237
primary_fixed_260_available_cells,0,Legacy comparison routes,24,2010,4,2010Q4,104,104,0,192284,28355889.102279663,213.56136383914236,147.46879148696544,5.2624358708783632
primary_fixed_260_available_cells,1,Overlap routes,1,2005,1,2005Q1,156,156,0,144548,27601635.975120544,208.00909211666504,190.9513516279751,5.3082152096750246
primary_fixed_260_available_cells,1,Overlap routes,2,2005,2,2005Q2,156,156,0,186732,36210769.924575806,210.1679628146648,193.91839601447961,5.3198117579118156
primary_fixed_260_available_cells,1,Overlap routes,3,2005,3,2005Q3,156,156,0,197969,39173188.040786743,214.35717567044449,197.87536453074341,5.3352635494875811
primary_fixed_260_available_cells,1,Overlap routes,4,2005,4,2005Q4,156,156,0,171914,33750256.912857056,217.28241019529165,196.32058420406165,5.3532649793666032
primary_fixed_260_available_cells,1,Overlap routes,5,2006,1,2006Q1,156,156,0,154194,30637350.027839661,220.80809913262308,198.69352911163639,5.3662198934304843
primary_fixed_260_available_cells,1,Overlap routes,6,2006,2,2006Q2,156,156,0,194818,42259460.106655121,237.18604531850445,216.91763649485736,5.442410183627274
primary_fixed_260_available_cells,1,Overlap routes,7,2006,3,2006Q3,156,156,0,193636,41884943.041633606,235.98835851160541,216.30762379740133,5.4335452176727541
primary_fixed_260_available_cells,1,Overlap routes,8,2006,4,2006Q4,156,156,0,171075,34359952.013877869,225.52263709893239,200.84730097254345,5.3869029776560389
primary_fixed_260_available_cells,1,Overlap routes,9,2007,1,2007Q1,156,156,0,149352,29933301.055625916,225.10391294103923,200.42115978109376,5.3842537920588889
primary_fixed_260_available_cells,1,Overlap routes,10,2007,2,2007Q2,156,156,0,188563,40644772.928180695,237.19286558261038,215.55009693407877,5.4386743989179029
primary_fixed_260_available_cells,1,Overlap routes,11,2007,3,2007Q3,156,156,0,194029,42747190.93523407,237.29294843203024,220.31341157885714,5.4343100351606326
primary_fixed_260_available_cells,1,Overlap routes,12,2007,4,2007Q4,156,156,0,167777,35385677.021469116,233.47811893615682,210.90898646101144,5.4163513388302595
primary_fixed_260_available_cells,1,Overlap routes,13,2008,1,2008Q1,156,156,0,141883,30464354.021560669,240.7626249258598,214.71461712510074,5.4439880739077608
primary_fixed_260_available_cells,1,Overlap routes,14,2008,2,2008Q2,156,156,0,187605,42824860.109970093,247.54990202309099,228.27142192356331,5.4763114266243367
primary_fixed_260_available_cells,1,Overlap routes,15,2008,3,2008Q3,156,156,0,193706,45298911.897377014,253.97748834574108,233.85394307547011,5.4967201714807219
primary_fixed_260_available_cells,1,Overlap routes,16,2008,4,2008Q4,156,156,0,160504,34778991.008796692,239.56304836426062,216.68613248764325,5.4391058314524638
primary_fixed_260_available_cells,1,Overlap routes,17,2009,1,2009Q1,156,156,0,136610,26306276.928215027,217.92701105988257,192.56479707353068,5.338542450026579
primary_fixed_260_available_cells,1,Overlap routes,18,2009,2,2009Q2,156,156,0,184026,35715813.994338989,217.07938205472388,194.08026036722524,5.3424048727848898
primary_fixed_260_available_cells,1,Overlap routes,19,2009,3,2009Q3,156,156,0,189668,39433298.109558105,227.47775085058004,207.90696432481022,5.3838583259914952
primary_fixed_260_available_cells,1,Overlap routes,20,2009,4,2009Q4,156,156,0,157138,33411062.999214172,234.17120489223277,212.62242741548303,5.4139575242876283
primary_fixed_260_available_cells,1,Overlap routes,21,2010,1,2010Q1,156,156,0,138094,29200215.051826477,236.02159844088041,211.45172890803713,5.4220553063367536
primary_fixed_260_available_cells,1,Overlap routes,22,2010,2,2010Q2,156,156,0,186848,41387606.01713562,241.12951660206767,221.5041424962302,5.4538630911349584
primary_fixed_260_available_cells,1,Overlap routes,23,2010,3,2010Q3,156,156,0,198517,45407795.921180725,243.86537802004079,228.73505000166597,5.4626378657459602
primary_fixed_260_available_cells,1,Overlap routes,24,2010,4,2010Q4,156,156,0,168475,37111220.083992004,240.59562231417723,220.27731167230749,5.4476676969548175
balanced_24_quarters,0,Legacy comparison routes,1,2005,1,2005Q1,102,102,0,197227,21709748.895969391,181.16846679690184,110.07493343187997,5.0931911883286176
balanced_24_quarters,0,Legacy comparison routes,2,2005,2,2005Q2,102,102,0,228348,26417461.92974472,187.19843161497838,115.68948241169058,5.1347235990288542
balanced_24_quarters,0,Legacy comparison routes,3,2005,3,2005Q3,102,102,0,228059,26752450.894607544,191.89928466633035,117.3049557114937,5.1499545538879907
balanced_24_quarters,0,Legacy comparison routes,4,2005,4,2005Q4,102,102,0,234475,27318446.900184631,186.26127889984352,116.50899626904631,5.1268071234864285
balanced_24_quarters,0,Legacy comparison routes,5,2006,1,2006Q1,102,102,0,222051,27350518.926433563,199.45772025023732,123.17223937939286,5.1941763568229895
balanced_24_quarters,0,Legacy comparison routes,6,2006,2,2006Q2,102,102,0,234634,30522867.215557098,201.09904294103842,130.08714515184116,5.1984307792675555
balanced_24_quarters,0,Legacy comparison routes,7,2006,3,2006Q3,102,102,0,225726,28833616.96604538,193.86640427915736,127.73724323314718,5.152193656327845
balanced_24_quarters,0,Legacy comparison routes,8,2006,4,2006Q4,102,102,0,231333,27991908.07572937,188.18221834269917,121.00265883263248,5.1299052174920643
balanced_24_quarters,0,Legacy comparison routes,9,2007,1,2007Q1,102,102,0,217652,27211546.924606323,195.50544619425494,125.02318804608423,5.1684073863306637
balanced_24_quarters,0,Legacy comparison routes,10,2007,2,2007Q2,102,102,0,231799,29746966.01531601,198.03411010476336,128.33086430621361,5.1864488029794549
balanced_24_quarters,0,Legacy comparison routes,11,2007,3,2007Q3,102,102,0,218386,29054310.910968781,200.02868531170523,133.04108739099019,5.1925677328575883
balanced_24_quarters,0,Legacy comparison routes,12,2007,4,2007Q4,102,102,0,223688,28836954.944248199,193.81441575207489,128.91596752730678,5.1633778486036102
balanced_24_quarters,0,Legacy comparison routes,13,2008,1,2008Q1,102,102,0,213161,27859349.952030182,203.13853555432169,130.69628098962841,5.2002955372821402
balanced_24_quarters,0,Legacy comparison routes,14,2008,2,2008Q2,102,102,0,215962,29654228.054302216,209.61581979808943,137.31224962864863,5.2351496830750603
balanced_24_quarters,0,Legacy comparison routes,15,2008,3,2008Q3,102,102,0,200468,29767007.862789154,223.32949558735055,148.48757838053533,5.2900482801522726
balanced_24_quarters,0,Legacy comparison routes,16,2008,4,2008Q4,102,102,0,192638,27887629.985153198,217.05292403874427,144.76702408223298,5.2701510887111418
balanced_24_quarters,0,Legacy comparison routes,17,2009,1,2009Q1,102,102,0,173419,23388007.984680176,204.98171097252313,134.86416127806166,5.2119532056871325
balanced_24_quarters,0,Legacy comparison routes,18,2009,2,2009Q2,102,102,0,197658,25537264.030326843,194.20984293662886,129.19924329056676,5.1664795299828112
balanced_24_quarters,0,Legacy comparison routes,19,2009,3,2009Q3,102,102,0,194557,26047521.041021347,197.08146801072127,133.88118156129744,5.1859223651177375
balanced_24_quarters,0,Legacy comparison routes,20,2009,4,2009Q4,102,102,0,200105,25892686.165592194,202.17248931448995,129.39549819141047,5.2061845057945098
balanced_24_quarters,0,Legacy comparison routes,21,2010,1,2010Q1,102,102,0,180099,25148126.036895752,212.08050017720802,139.63501205945482,5.2569982949528029
balanced_24_quarters,0,Legacy comparison routes,22,2010,2,2010Q2,102,102,0,186785,27758528.071624756,210.76951344288165,148.61219086984906,5.2600611702503013
balanced_24_quarters,0,Legacy comparison routes,23,2010,3,2010Q3,102,102,0,178771,27971599.956771851,219.875853553566,156.4660932521038,5.3109943864199973
balanced_24_quarters,0,Legacy comparison routes,24,2010,4,2010Q4,102,102,0,191818,28309651.103366852,215.8184670839133,147.5859987246601,5.2770432405213406
balanced_24_quarters,1,Overlap routes,1,2005,1,2005Q1,156,156,0,144548,27601635.975120544,208.00909211666504,190.9513516279751,5.3082152096750246
balanced_24_quarters,1,Overlap routes,2,2005,2,2005Q2,156,156,0,186732,36210769.924575806,210.1679628146648,193.91839601447961,5.3198117579118156
balanced_24_quarters,1,Overlap routes,3,2005,3,2005Q3,156,156,0,197969,39173188.040786743,214.35717567044449,197.87536453074341,5.3352635494875811
balanced_24_quarters,1,Overlap routes,4,2005,4,2005Q4,156,156,0,171914,33750256.912857056,217.28241019529165,196.32058420406165,5.3532649793666032
balanced_24_quarters,1,Overlap routes,5,2006,1,2006Q1,156,156,0,154194,30637350.027839661,220.80809913262308,198.69352911163639,5.3662198934304843
balanced_24_quarters,1,Overlap routes,6,2006,2,2006Q2,156,156,0,194818,42259460.106655121,237.18604531850445,216.91763649485736,5.442410183627274
balanced_24_quarters,1,Overlap routes,7,2006,3,2006Q3,156,156,0,193636,41884943.041633606,235.98835851160541,216.30762379740133,5.4335452176727541
balanced_24_quarters,1,Overlap routes,8,2006,4,2006Q4,156,156,0,171075,34359952.013877869,225.52263709893239,200.84730097254345,5.3869029776560389
balanced_24_quarters,1,Overlap routes,9,2007,1,2007Q1,156,156,0,149352,29933301.055625916,225.10391294103923,200.42115978109376,5.3842537920588889
balanced_24_quarters,1,Overlap routes,10,2007,2,2007Q2,156,156,0,188563,40644772.928180695,237.19286558261038,215.55009693407877,5.4386743989179029
balanced_24_quarters,1,Overlap routes,11,2007,3,2007Q3,156,156,0,194029,42747190.93523407,237.29294843203024,220.31341157885714,5.4343100351606326
balanced_24_quarters,1,Overlap routes,12,2007,4,2007Q4,156,156,0,167777,35385677.021469116,233.47811893615682,210.90898646101144,5.4163513388302595
balanced_24_quarters,1,Overlap routes,13,2008,1,2008Q1,156,156,0,141883,30464354.021560669,240.7626249258598,214.71461712510074,5.4439880739077608
balanced_24_quarters,1,Overlap routes,14,2008,2,2008Q2,156,156,0,187605,42824860.109970093,247.54990202309099,228.27142192356331,5.4763114266243367
balanced_24_quarters,1,Overlap routes,15,2008,3,2008Q3,156,156,0,193706,45298911.897377014,253.97748834574108,233.85394307547011,5.4967201714807219
balanced_24_quarters,1,Overlap routes,16,2008,4,2008Q4,156,156,0,160504,34778991.008796692,239.56304836426062,216.68613248764325,5.4391058314524638
balanced_24_quarters,1,Overlap routes,17,2009,1,2009Q1,156,156,0,136610,26306276.928215027,217.92701105988257,192.56479707353068,5.338542450026579
balanced_24_quarters,1,Overlap routes,18,2009,2,2009Q2,156,156,0,184026,35715813.994338989,217.07938205472388,194.08026036722524,5.3424048727848898
balanced_24_quarters,1,Overlap routes,19,2009,3,2009Q3,156,156,0,189668,39433298.109558105,227.47775085058004,207.90696432481022,5.3838583259914952
balanced_24_quarters,1,Overlap routes,20,2009,4,2009Q4,156,156,0,157138,33411062.999214172,234.17120489223277,212.62242741548303,5.4139575242876283
balanced_24_quarters,1,Overlap routes,21,2010,1,2010Q1,156,156,0,138094,29200215.051826477,236.02159844088041,211.45172890803713,5.4220553063367536
balanced_24_quarters,1,Overlap routes,22,2010,2,2010Q2,156,156,0,186848,41387606.01713562,241.12951660206767,221.5041424962302,5.4538630911349584
balanced_24_quarters,1,Overlap routes,23,2010,3,2010Q3,156,156,0,198517,45407795.921180725,243.86537802004079,228.73505000166597,5.4626378657459602
balanced_24_quarters,1,Overlap routes,24,2010,4,2010Q4,156,156,0,168475,37111220.083992004,240.59562231417723,220.27731167230749,5.4476676969548175
