"grid","accept"
-2.2,0
-2.1275,0
-2.055,0
-1.9825,0
-1.91,0
-1.8375,0
-1.765,0
-1.6925,0
-1.62,0
-1.5475,1
-1.475,1
-1.4025,1
-1.33,1
-1.2575,1
-1.185,1
-1.1125,1
-1.04,1
-0.9675,1
-0.895,1
-0.8225,1
-0.75,1
-0.6775,1
-0.605,1
-0.5325,1
-0.46,1
-0.3875,1
-0.315,1
-0.2425,1
-0.17,1
-0.0975000000000001,1
-0.0250000000000004,1
0.0474999999999999,1
0.12,1
0.192499999999999,1
0.265,1
0.337499999999999,1
0.41,1
0.4825,1
0.555,1
0.6275,1
0.7,1
0.7725,1
0.845,1
0.9175,1
0.99,1
1.0625,1
1.135,1
1.2075,1
1.28,1
1.3525,1
1.425,1
1.4975,0
1.57,0
1.6425,0
1.715,0
1.7875,0
1.86,0
1.9325,0
2.005,0
2.0775,0
2.15,0
