route,merger_positive_quarters,other_positive_quarters,paired_positive_quarters,product,included_baseline_cohort
ABQ-BDL,4,4,4,all_products,True
ABQ-CMH,4,4,4,all_products,True
ABQ-IND,4,4,4,all_products,True
ABQ-JFK,4,4,4,all_products,True
ANC-ATL,4,4,4,all_products,True
ANC-BOS,4,4,4,all_products,True
ANC-BWI,4,4,4,all_products,True
ANC-MCO,4,4,4,all_products,True
ANC-PHL,4,4,4,all_products,True
ATL-BZN,4,0,0,all_products,False
ATL-DTW,4,4,4,all_products,True
ATL-GEG,4,4,4,all_products,True
ATL-MEM,4,4,4,all_products,True
ATL-MSP,4,4,4,all_products,True
BDL-COS,4,4,4,all_products,True
BDL-HNL,4,4,4,all_products,True
BDL-MEM,4,4,4,all_products,True
BDL-PDX,4,4,4,all_products,True
BDL-PHX,4,4,4,all_products,True
BDL-SAN,4,4,4,all_products,True
BDL-SAT,4,4,4,all_products,True
BDL-SEA,4,4,4,all_products,True
BDL-SFO,4,4,4,all_products,True
BDL-SJC,4,4,4,all_products,True
BDL-SLC,4,4,4,all_products,True
BDL-SMF,4,4,4,all_products,True
BHM-IND,4,4,4,all_products,True
BHM-MCI,4,4,4,all_products,True
BHM-MIA,4,4,4,all_products,True
BHM-SEA,4,4,4,all_products,True
BNA-BOI,4,4,4,all_products,True
BNA-EWR,4,4,4,all_products,True
BNA-GPT,4,4,4,all_products,True
BOI-BOS,4,4,4,all_products,True
BOI-BWI,4,4,4,all_products,True
BOI-CLE,4,4,4,all_products,True
BOI-DCA,4,4,4,all_products,True
BOI-EWR,4,4,4,all_products,True
BOI-IAD,4,4,4,all_products,True
BOI-PHL,4,4,4,all_products,True
BOI-RDU,4,4,4,all_products,True
BOS-GEG,4,4,4,all_products,True
BOS-HNL,4,4,4,all_products,True
BOS-VPS,4,3,3,all_products,False
BUF-LAX,4,4,4,all_products,True
BUF-SAN,4,4,4,all_products,True
BUF-SAT,4,4,4,all_products,True
BUF-SFO,4,4,4,all_products,True
BWI-COS,4,4,4,all_products,True
BWI-GEG,4,4,4,all_products,True
BWI-GPT,4,4,4,all_products,True
BWI-PDX,4,4,4,all_products,True
BWI-SEA,4,4,4,all_products,True
BWI-VPS,4,1,1,all_products,False
CLE-PDX,4,4,4,all_products,True
CLT-COS,4,4,4,all_products,True
CLT-LAX,4,4,4,all_products,True
CLT-PDX,4,4,4,all_products,True
CLT-PHX,4,4,4,all_products,True
CLT-SEA,4,4,4,all_products,True
CMH-HNL,4,4,4,all_products,True
CMH-PDX,4,4,4,all_products,True
CMH-SEA,4,4,4,all_products,True
CMH-SFO,4,4,4,all_products,True
CMH-SJC,4,4,4,all_products,True
CMH-SMF,4,4,4,all_products,True
CMH-SNA,4,4,4,all_products,True
COS-PHL,4,4,4,all_products,True
COS-RDU,4,4,4,all_products,True
DCA-GEG,4,4,4,all_products,True
DCA-GPT,4,4,4,all_products,True
DCA-HNL,4,4,4,all_products,True
DCA-LIT,4,4,4,all_products,True
DCA-PDX,4,4,4,all_products,True
DCA-SNA,4,4,4,all_products,True
DCA-VPS,4,2,2,all_products,False
DEN-ORF,4,4,4,all_products,True
DEN-RDU,4,4,4,all_products,True
DTW-SAV,4,4,4,all_products,True
DTW-SLC,4,4,4,all_products,True
EWR-GEG,4,4,4,all_products,True
EWR-SMF,4,4,4,all_products,True
EWR-VPS,4,2,2,all_products,False
FLL-LIT,4,4,4,all_products,True
FLL-MEM,4,4,4,all_products,True
GEG-IAD,4,4,4,all_products,True
GEG-PHL,4,4,4,all_products,True
GEG-PIT,4,4,4,all_products,True
GEG-RDU,4,4,4,all_products,True
GPT-LGA,4,4,4,all_products,True
GPT-MCI,4,4,4,all_products,True
GPT-MCO,4,4,4,all_products,True
GPT-STL,4,4,4,all_products,True
HNL-LGA,4,4,4,all_products,True
HNL-PHL,4,4,4,all_products,True
HNL-SDF,4,4,4,all_products,True
HNL-SFO,4,4,4,all_products,True
IAD-MEM,4,4,4,all_products,True
IAD-SDF,4,4,4,all_products,True
IND-JAX,4,4,4,all_products,True
IND-MSY,4,4,4,all_products,True
IND-VPS,4,4,4,all_products,True
JAX-MEM,4,4,4,all_products,True
JAX-MKE,4,4,4,all_products,True
JAX-SEA,4,4,4,all_products,True
JAX-SLC,4,4,4,all_products,True
JFK-MCI,4,4,4,all_products,True
JFK-SAT,4,4,4,all_products,True
LAS-LGA,4,4,4,all_products,True
LAS-VPS,4,3,3,all_products,False
LAX-VPS,4,2,2,all_products,False
LGA-LIT,4,4,4,all_products,True
LGA-PDX,4,4,4,all_products,True
LGA-PHX,4,4,4,all_products,True
LGA-SAT,4,4,4,all_products,True
LGA-SEA,4,4,4,all_products,True
LGA-SFO,4,4,4,all_products,True
LGA-SLC,4,4,4,all_products,True
LGA-SMF,4,4,4,all_products,True
LGA-SNA,4,4,4,all_products,True
LGA-VPS,4,1,1,all_products,False
LIT-MCO,4,4,4,all_products,True
LIT-MIA,4,3,3,all_products,False
LIT-TPA,4,4,4,all_products,True
MCI-MIA,4,4,4,all_products,True
MCI-MSY,4,4,4,all_products,True
MCI-ORF,4,4,4,all_products,True
MCI-VPS,4,4,4,all_products,True
MEM-MIA,4,4,4,all_products,True
MEM-ORF,4,4,4,all_products,True
MIA-MKE,4,4,4,all_products,True
MKE-PBI,4,4,4,all_products,True
MKE-VPS,4,4,4,all_products,True
MSP-PBI,4,4,4,all_products,True
ORD-VPS,4,3,3,all_products,False
ORF-SAT,4,4,4,all_products,True
ORF-SDF,4,4,4,all_products,True
ORF-SEA,4,4,4,all_products,True
PDX-PHL,4,4,4,all_products,True
PDX-PIT,4,4,4,all_products,True
PDX-RDU,4,4,4,all_products,True
PDX-SDF,4,4,4,all_products,True
PHL-SEA,4,4,4,all_products,True
PHL-SJC,4,4,4,all_products,True
PHL-VPS,4,3,3,all_products,False
PIT-SAT,4,4,4,all_products,True
PIT-SEA,4,4,4,all_products,True
RDU-SEA,4,4,4,all_products,True
ROC-SAN,4,4,4,all_products,True
ROC-SAT,4,4,4,all_products,True
SDF-SEA,4,4,4,all_products,True
SDF-SFO,4,4,4,all_products,True
SDF-SJC,4,4,4,all_products,True
SDF-SLC,4,4,4,all_products,True
SEA-VPS,4,1,1,all_products,False
STL-VPS,4,4,4,all_products,True
ABQ-BDL,4,4,4,two_coupon_only,True
ABQ-CMH,4,4,4,two_coupon_only,True
ABQ-IND,4,4,4,two_coupon_only,True
ABQ-JFK,4,4,4,two_coupon_only,True
ANC-ATL,4,4,4,two_coupon_only,True
ANC-BOS,4,4,4,two_coupon_only,True
ANC-BWI,4,4,4,two_coupon_only,True
ANC-MCO,4,4,4,two_coupon_only,True
ANC-PHL,4,4,4,two_coupon_only,True
ATL-BZN,4,0,0,two_coupon_only,False
ATL-DTW,4,4,4,two_coupon_only,True
ATL-GEG,4,4,4,two_coupon_only,True
ATL-MEM,0,4,0,two_coupon_only,False
ATL-MSP,4,4,4,two_coupon_only,True
BDL-COS,4,4,4,two_coupon_only,True
BDL-HNL,4,4,4,two_coupon_only,True
BDL-MEM,4,4,4,two_coupon_only,True
BDL-PDX,4,4,4,two_coupon_only,True
BDL-PHX,4,4,4,two_coupon_only,True
BDL-SAN,4,4,4,two_coupon_only,True
BDL-SAT,4,4,4,two_coupon_only,True
BDL-SEA,4,4,4,two_coupon_only,True
BDL-SFO,4,4,4,two_coupon_only,True
BDL-SJC,4,4,4,two_coupon_only,True
BDL-SLC,4,4,4,two_coupon_only,True
BDL-SMF,4,4,4,two_coupon_only,True
BHM-IND,4,4,4,two_coupon_only,True
BHM-MCI,4,4,4,two_coupon_only,True
BHM-MIA,4,4,4,two_coupon_only,True
BHM-SEA,4,4,4,two_coupon_only,True
BNA-BOI,4,4,4,two_coupon_only,True
BNA-EWR,4,4,4,two_coupon_only,True
BNA-GPT,4,4,4,two_coupon_only,True
BOI-BOS,4,4,4,two_coupon_only,True
BOI-BWI,4,4,4,two_coupon_only,True
BOI-CLE,4,4,4,two_coupon_only,True
BOI-DCA,4,4,4,two_coupon_only,True
BOI-EWR,4,4,4,two_coupon_only,True
BOI-IAD,4,4,4,two_coupon_only,True
BOI-PHL,4,4,4,two_coupon_only,True
BOI-RDU,4,4,4,two_coupon_only,True
BOS-GEG,4,4,4,two_coupon_only,True
BOS-HNL,4,4,4,two_coupon_only,True
BOS-VPS,4,3,3,two_coupon_only,False
BUF-LAX,4,4,4,two_coupon_only,True
BUF-SAN,4,4,4,two_coupon_only,True
BUF-SAT,4,4,4,two_coupon_only,True
BUF-SFO,4,4,4,two_coupon_only,True
BWI-COS,4,4,4,two_coupon_only,True
BWI-GEG,4,4,4,two_coupon_only,True
BWI-GPT,4,4,4,two_coupon_only,True
BWI-PDX,4,4,4,two_coupon_only,True
BWI-SEA,4,4,4,two_coupon_only,True
BWI-VPS,4,1,1,two_coupon_only,False
CLE-PDX,4,4,4,two_coupon_only,True
CLT-COS,4,4,4,two_coupon_only,True
CLT-LAX,4,4,4,two_coupon_only,True
CLT-PDX,4,4,4,two_coupon_only,True
CLT-PHX,4,4,4,two_coupon_only,True
CLT-SEA,4,4,4,two_coupon_only,True
CMH-HNL,4,4,4,two_coupon_only,True
CMH-PDX,4,4,4,two_coupon_only,True
CMH-SEA,4,4,4,two_coupon_only,True
CMH-SFO,4,4,4,two_coupon_only,True
CMH-SJC,4,4,4,two_coupon_only,True
CMH-SMF,4,4,4,two_coupon_only,True
CMH-SNA,4,4,4,two_coupon_only,True
COS-PHL,4,4,4,two_coupon_only,True
COS-RDU,4,4,4,two_coupon_only,True
DCA-GEG,4,4,4,two_coupon_only,True
DCA-GPT,4,4,4,two_coupon_only,True
DCA-HNL,4,4,4,two_coupon_only,True
DCA-LIT,4,4,4,two_coupon_only,True
DCA-PDX,4,4,4,two_coupon_only,True
DCA-SNA,4,4,4,two_coupon_only,True
DCA-VPS,4,2,2,two_coupon_only,False
DEN-ORF,4,4,4,two_coupon_only,True
DEN-RDU,4,4,4,two_coupon_only,True
DTW-SAV,4,4,4,two_coupon_only,True
DTW-SLC,4,4,4,two_coupon_only,True
EWR-GEG,4,4,4,two_coupon_only,True
EWR-SMF,4,4,4,two_coupon_only,True
EWR-VPS,4,2,2,two_coupon_only,False
FLL-LIT,4,4,4,two_coupon_only,True
FLL-MEM,4,4,4,two_coupon_only,True
GEG-IAD,4,4,4,two_coupon_only,True
GEG-PHL,4,4,4,two_coupon_only,True
GEG-PIT,4,4,4,two_coupon_only,True
GEG-RDU,4,4,4,two_coupon_only,True
GPT-LGA,4,4,4,two_coupon_only,True
GPT-MCI,4,4,4,two_coupon_only,True
GPT-MCO,4,4,4,two_coupon_only,True
GPT-STL,4,4,4,two_coupon_only,True
HNL-LGA,4,4,4,two_coupon_only,True
HNL-PHL,4,4,4,two_coupon_only,True
HNL-SDF,4,4,4,two_coupon_only,True
HNL-SFO,3,4,3,two_coupon_only,False
IAD-MEM,4,4,4,two_coupon_only,True
IAD-SDF,4,4,4,two_coupon_only,True
IND-JAX,4,4,4,two_coupon_only,True
IND-MSY,4,4,4,two_coupon_only,True
IND-VPS,4,4,4,two_coupon_only,True
JAX-MEM,4,4,4,two_coupon_only,True
JAX-MKE,4,4,4,two_coupon_only,True
JAX-SEA,4,4,4,two_coupon_only,True
JAX-SLC,4,4,4,two_coupon_only,True
JFK-MCI,4,4,4,two_coupon_only,True
JFK-SAT,4,4,4,two_coupon_only,True
LAS-LGA,4,4,4,two_coupon_only,True
LAS-VPS,4,3,3,two_coupon_only,False
LAX-VPS,4,2,2,two_coupon_only,False
LGA-LIT,4,4,4,two_coupon_only,True
LGA-PDX,4,4,4,two_coupon_only,True
LGA-PHX,4,4,4,two_coupon_only,True
LGA-SAT,4,4,4,two_coupon_only,True
LGA-SEA,4,4,4,two_coupon_only,True
LGA-SFO,4,4,4,two_coupon_only,True
LGA-SLC,4,4,4,two_coupon_only,True
LGA-SMF,4,4,4,two_coupon_only,True
LGA-SNA,4,4,4,two_coupon_only,True
LGA-VPS,4,0,0,two_coupon_only,False
LIT-MCO,4,4,4,two_coupon_only,True
LIT-MIA,4,3,3,two_coupon_only,False
LIT-TPA,4,4,4,two_coupon_only,True
MCI-MIA,4,4,4,two_coupon_only,True
MCI-MSY,4,4,4,two_coupon_only,True
MCI-ORF,4,4,4,two_coupon_only,True
MCI-VPS,4,4,4,two_coupon_only,True
MEM-MIA,4,4,4,two_coupon_only,True
MEM-ORF,4,4,4,two_coupon_only,True
MIA-MKE,4,4,4,two_coupon_only,True
MKE-PBI,4,4,4,two_coupon_only,True
MKE-VPS,4,4,4,two_coupon_only,True
MSP-PBI,4,4,4,two_coupon_only,True
ORD-VPS,4,3,3,two_coupon_only,False
ORF-SAT,4,4,4,two_coupon_only,True
ORF-SDF,4,4,4,two_coupon_only,True
ORF-SEA,4,4,4,two_coupon_only,True
PDX-PHL,4,4,4,two_coupon_only,True
PDX-PIT,4,4,4,two_coupon_only,True
PDX-RDU,4,4,4,two_coupon_only,True
PDX-SDF,4,4,4,two_coupon_only,True
PHL-SEA,4,4,4,two_coupon_only,True
PHL-SJC,4,4,4,two_coupon_only,True
PHL-VPS,4,3,3,two_coupon_only,False
PIT-SAT,4,4,4,two_coupon_only,True
PIT-SEA,4,4,4,two_coupon_only,True
RDU-SEA,4,4,4,two_coupon_only,True
ROC-SAN,4,4,4,two_coupon_only,True
ROC-SAT,4,4,4,two_coupon_only,True
SDF-SEA,4,4,4,two_coupon_only,True
SDF-SFO,4,4,4,two_coupon_only,True
SDF-SJC,4,4,4,two_coupon_only,True
SDF-SLC,4,4,4,two_coupon_only,True
SEA-VPS,4,1,1,two_coupon_only,False
STL-VPS,4,4,4,two_coupon_only,True
