model,t,b,se,lo,hi
all_products_baseline_paired__DL_NW_single,1,-0.03978967669312603,0.018380139306490552,-0.07612155465712872,-0.00345779872912335
all_products_baseline_paired__DL_NW_single,2,-0.029193658629640747,0.0172532263346831,-0.06329797651452576,0.004910659255244261
all_products_baseline_paired__DL_NW_single,3,-0.02952509895574348,0.01734139471242068,-0.0638036985850065,0.004753500673519536
all_products_baseline_paired__DL_NW_single,4,-0.02884866741499268,0.01628869787634305,-0.06104640942159566,0.003349074591610296
all_products_baseline_paired__DL_NW_single,5,-0.034423360236821486,0.016034934447625732,-0.06611949005375903,-0.002727230419883944
all_products_baseline_paired__DL_NW_single,6,0.07065940130448348,0.015885801989971544,0.03925806045304907,0.10206074215591789
all_products_baseline_paired__DL_NW_single,7,0.0345194422827159,0.014791353752191452,0.005281488723939413,0.06375739584149238
all_products_baseline_paired__DL_NW_single,8,-0.01010359842294066,0.01254798429623684,-0.03490710108105765,0.01469990423517633
all_products_baseline_paired__DL_NW_single,9,-0.012002461970630516,0.012299114324744,-0.0363140252977986,0.012309101356537566
all_products_baseline_paired__DL_NW_single,10,0.0415734776235996,0.010826889155527333,0.02017205030201798,0.06297490494518122
all_products_baseline_paired__DL_NW_single,11,0.016372622012260543,0.008892787974601652,-0.0012056825949784723,0.033950926619499555
all_products_baseline_paired__DL_NW_single,12,0.0,0.0,0.0,0.0
all_products_baseline_paired__DL_NW_single,13,0.03262070095443947,0.01090980897368059,0.01105536667526055,0.05418603523361838
all_products_baseline_paired__DL_NW_single,14,0.05730581712518447,0.009933603275443941,0.037670141033284546,0.07694149321708439
all_products_baseline_paired__DL_NW_single,15,0.06832707073883545,0.01143533114258202,0.04572294088854993,0.09093120058912098
all_products_baseline_paired__DL_NW_single,16,0.0031219531441568256,0.012647845299760388,-0.0218789439805026,0.028122850268816252
all_products_baseline_paired__DL_NW_single,17,-0.07322072979932388,0.01716717077348267,-0.10715494232779553,-0.039286517270852236
all_products_baseline_paired__DL_NW_single,18,-0.06139148631482107,0.015043383576555117,-0.09112762526106283,-0.031655347368579306
all_products_baseline_paired__DL_NW_single,19,-0.00048213816941910506,0.01695186418161022,-0.033990755837573626,0.03302647949873542
all_products_baseline_paired__DL_NW_single,20,0.01588342897376311,0.01686842543447049,-0.01746025597391527,0.04922711392144149
all_products_baseline_paired__DL_NW_single,21,0.030213280521547974,0.017224862968772375,-0.003834971719234276,0.06426153276233022
all_products_baseline_paired__DL_NW_single,22,0.07355698778985947,0.015439256925555422,0.043038329083280466,0.10407564649643848
all_products_baseline_paired__DL_NW_single,23,0.06233456546961715,0.016659772668986543,0.02940332281554737,0.09526580812368693
all_products_baseline_paired__DL_NW_single,24,0.0730959313351083,0.019664902959709938,0.03422447108160308,0.11196739158861353
all_products_baseline_paired__Rival_single,1,-0.12766583739890253,0.016432838416294573,-0.16014850088623306,-0.095183173911572
all_products_baseline_paired__Rival_single,2,-0.11097249099902409,0.014817545706505822,-0.14026221798954233,-0.08168276400850585
all_products_baseline_paired__Rival_single,3,-0.09524705470863501,0.015830411526770494,-0.1265389056636202,-0.06395520375364983
all_products_baseline_paired__Rival_single,4,-0.07738750496867776,0.016423992669755097,-0.10985268313783886,-0.04492232679951667
all_products_baseline_paired__Rival_single,5,-0.059149779599116,0.014091192774345654,-0.0870037304156898,-0.031295828782542195
all_products_baseline_paired__Rival_single,6,-0.004244595595585956,0.011602959339565877,-0.027180074795002507,0.018690883603830595
all_products_baseline_paired__Rival_single,7,-0.005212460502812469,0.010656853254373327,-0.026277779185215004,0.015852858179590062
all_products_baseline_paired__Rival_single,8,-0.04875157365903964,0.010381994712818452,-0.06927358160681629,-0.028229565711262995
all_products_baseline_paired__Rival_single,9,-0.061405765625865784,0.011062419578292591,-0.0832727640965026,-0.03953876715522897
all_products_baseline_paired__Rival_single,10,-0.0053955465958242105,0.009710308680456567,-0.0245898380039727,0.013798744812324279
all_products_baseline_paired__Rival_single,11,0.004173856522419538,0.008542136261675489,-0.012711317579687614,0.02105903062452669
all_products_baseline_paired__Rival_single,12,0.0,0.0,0.0,0.0
all_products_baseline_paired__Rival_single,13,0.006093578772051765,0.011399390311453851,-0.016439507117755593,0.028626664661859123
all_products_baseline_paired__Rival_single,14,0.06071598019968584,0.011487583424241981,0.03800856367191904,0.08342339672745264
all_products_baseline_paired__Rival_single,15,0.09240712573179657,0.01199887920045802,0.06868903483234907,0.11612521663124407
all_products_baseline_paired__Rival_single,16,0.04865340983587384,0.011886798058599516,0.025156868855073105,0.07214995081667457
all_products_baseline_paired__Rival_single,17,-0.08962682883989907,0.01546428162791286,-0.12019495368038353,-0.05905870399941461
all_products_baseline_paired__Rival_single,18,-0.10329419446244034,0.013024467885096579,-0.12903955851309795,-0.07754883041178272
all_products_baseline_paired__Rival_single,19,-0.06812241967803188,0.015369799066311605,-0.09850378157615873,-0.03774105777990504
all_products_baseline_paired__Rival_single,20,-0.007385698293668763,0.01470723499733219,-0.03645737496601538,0.02168597837867785
all_products_baseline_paired__Rival_single,21,-0.019003813294827053,0.014930138908435336,-0.048516102389139296,0.010508475799485186
all_products_baseline_paired__Rival_single,22,0.015310487213070746,0.013367994907427141,-0.011113924022405755,0.04173489844854725
all_products_baseline_paired__Rival_single,23,0.030719590017420875,0.014624366142056056,0.0018117195647499688,0.05962746047009178
all_products_baseline_paired__Rival_single,24,0.019767412089749418,0.014460355739768208,-0.008816260280339772,0.04835108445983861
all_products_balanced_24q__DL_NW_single,1,-0.03603588264459333,0.01930938701584159,-0.07423175873889441,0.002159993449707756
all_products_balanced_24q__DL_NW_single,2,-0.025668744811242723,0.01823964186319018,-0.0617485592579301,0.01041106963544466
all_products_balanced_24q__DL_NW_single,3,-0.02796489626462946,0.018197365757718895,-0.06396108439604303,0.008031291866784113
all_products_balanced_24q__DL_NW_single,4,-0.02828765676764462,0.017070366683920705,-0.06205452933632842,0.0054792158010391855
all_products_balanced_24q__DL_NW_single,5,-0.0358719301004828,0.016789055666560398,-0.06908234167150568,-0.002661518529459915
all_products_balanced_24q__DL_NW_single,6,0.06871242459857141,0.016273901573018137,0.03652103874339695,0.10090381045374587
all_products_balanced_24q__DL_NW_single,7,0.03258993917936382,0.015510097451321246,0.0019094333727748582,0.06327044498595279
all_products_balanced_24q__DL_NW_single,8,-0.007992127675184401,0.013114817947373042,-0.033934533868928814,0.017950278518560014
all_products_balanced_24q__DL_NW_single,9,-0.008584939029702346,0.012762476366140725,-0.0338303787496494,0.016660500690244703
all_products_balanced_24q__DL_NW_single,10,0.042599602308095945,0.011412478757970615,0.020024591293470534,0.06517461332272136
all_products_balanced_24q__DL_NW_single,11,0.02072838895165248,0.009416592850515241,0.0021014375391772352,0.039355340364127724
all_products_balanced_24q__DL_NW_single,12,0.0,0.0,0.0,0.0
all_products_balanced_24q__DL_NW_single,13,0.03328031512835671,0.011634462092920557,0.010266199135940367,0.05629443112077306
all_products_balanced_24q__DL_NW_single,14,0.05957488399878185,0.010428771413331863,0.038945743343378615,0.08020402465418508
all_products_balanced_24q__DL_NW_single,15,0.06977358904097933,0.01219948472911866,0.045641802426238595,0.09390537565572006
all_products_balanced_24q__DL_NW_single,16,-0.0022734558184978122,0.012784995037124472,-0.027563439695439482,0.02301652805844386
all_products_balanced_24q__DL_NW_single,17,-0.07865181751670704,0.017273105187940598,-0.11281972688540602,-0.04448390814800805
all_products_balanced_24q__DL_NW_single,18,-0.0655279542259196,0.014906060766182132,-0.09501361576515518,-0.03604229268668401
all_products_balanced_24q__DL_NW_single,19,-0.0014806112518842042,0.017192002975503638,-0.03548809242808415,0.03252686992431575
all_products_balanced_24q__DL_NW_single,20,0.014074537254481014,0.01695240825352182,-0.019459001879635566,0.0476080763885976
all_products_balanced_24q__DL_NW_single,21,0.029650089182304305,0.017861765953519418,-0.0056822493650723165,0.06498242772968092
all_products_balanced_24q__DL_NW_single,22,0.07517568598444159,0.016323192465818297,0.04288679787130173,0.10746457409758145
all_products_balanced_24q__DL_NW_single,23,0.06671379708923604,0.01709405390419713,0.032900068857555045,0.10052752532091704
all_products_balanced_24q__DL_NW_single,24,0.0788812237424483,0.019349904506166513,0.04060520004745781,0.11715724743743879
all_products_balanced_24q__Rival_single,1,-0.1148662132519753,0.015540076293432837,-0.14560602017142743,-0.08412640633252316
all_products_balanced_24q__Rival_single,2,-0.10764942914858633,0.01461178014090485,-0.13655297452376022,-0.07874588377341243
all_products_balanced_24q__Rival_single,3,-0.09294129377205376,0.01513067251654556,-0.12287125955456579,-0.06301132798954173
all_products_balanced_24q__Rival_single,4,-0.07823600505667873,0.015408413174647532,-0.10871536931333753,-0.04775664080001993
all_products_balanced_24q__Rival_single,5,-0.06556363199024491,0.01426385412576212,-0.09377894531778969,-0.037348318662700136
all_products_balanced_24q__Rival_single,6,0.0004722678122804796,0.012004224016014064,-0.02327327381199477,0.024217809436555732
all_products_balanced_24q__Rival_single,7,-0.0026116213992217682,0.010883224613776528,-0.02413971540413331,0.018916472605689773
all_products_balanced_24q__Rival_single,8,-0.03732085257568129,0.00894761297710053,-0.055020115443669165,-0.019621589707693413
all_products_balanced_24q__Rival_single,9,-0.060105510802080486,0.010652209348987352,-0.08117663377924576,-0.03903438782491521
all_products_balanced_24q__Rival_single,10,-0.004620997943198911,0.008761100149018052,-0.021951320001952844,0.012709324115555023
all_products_balanced_24q__Rival_single,11,0.0070123419356275495,0.008279072117191935,-0.009364481031596174,0.023389164902851273
all_products_balanced_24q__Rival_single,12,0.0,0.0,0.0,0.0
all_products_balanced_24q__Rival_single,13,0.011709240452686818,0.009485519055907322,-0.007054053806852725,0.03047253471222636
all_products_balanced_24q__Rival_single,14,0.06734157062303914,0.009650112490823268,0.04825269428050405,0.08643044696557423
all_products_balanced_24q__Rival_single,15,0.09772740127632243,0.011346392922664442,0.07528311457598375,0.12017168797666111
all_products_balanced_24q__Rival_single,16,0.0445226744485225,0.010348554261872584,0.02405221124752332,0.06499313764952168
all_products_balanced_24q__Rival_single,17,-0.08321282457589685,0.015072719714855262,-0.11302815398849905,-0.053397495163294645
all_products_balanced_24q__Rival_single,18,-0.1023510560099798,0.01306600616427902,-0.12819690767211367,-0.07650520434784593
all_products_balanced_24q__Rival_single,19,-0.06340768192280698,0.015062058162158493,-0.0932019217303666,-0.03361344211524737
all_products_balanced_24q__Rival_single,20,-0.00594288504228958,0.013742591033814039,-0.03312708845131407,0.021241318366734905
all_products_balanced_24q__Rival_single,21,-0.016724798917072382,0.014567232171134903,-0.04554022400483427,0.012090626170689504
all_products_balanced_24q__Rival_single,22,0.0208180076320483,0.013216812598263048,-0.005326154062504092,0.04696216932660069
all_products_balanced_24q__Rival_single,23,0.042755412437660165,0.01373612354946992,0.015584002351926942,0.06992682252339338
all_products_balanced_24q__Rival_single,24,0.024452790286428418,0.014397226568017344,-0.004026346914686011,0.05293192748754284
two_coupon_only_baseline_paired__DL_NW_single,1,-0.03758733901950637,0.018649937100781392,-0.07445698693508931,-0.0007176911039234318
two_coupon_only_baseline_paired__DL_NW_single,2,-0.03171513915180278,0.01818773845622683,-0.06767105201296172,0.004240773709356167
two_coupon_only_baseline_paired__DL_NW_single,3,-0.028237811225508672,0.01783145615362904,-0.06348937838381893,0.007013755932801593
two_coupon_only_baseline_paired__DL_NW_single,4,-0.029915224509669765,0.01707079930377636,-0.06366302518946093,0.003832576170121397
two_coupon_only_baseline_paired__DL_NW_single,5,-0.03345945773051233,0.016299259767314802,-0.06568197760594637,-0.0012369378550782933
two_coupon_only_baseline_paired__DL_NW_single,6,0.07008309507262725,0.016060364104971286,0.03833285555457824,0.10183333459067626
two_coupon_only_baseline_paired__DL_NW_single,7,0.03125890068369727,0.015492981877130097,0.0006303369579589678,0.06188746440943557
two_coupon_only_baseline_paired__DL_NW_single,8,-0.007532791152079402,0.012889269324765069,-0.03301399354569502,0.017948411241536216
two_coupon_only_baseline_paired__DL_NW_single,9,-0.011411036899678463,0.01260453416419945,-0.03632933738845058,0.013507263589093654
two_coupon_only_baseline_paired__DL_NW_single,10,0.044465910856915945,0.011242677794587846,0.022239907108226136,0.06669191460560575
two_coupon_only_baseline_paired__DL_NW_single,11,0.01586293397689143,0.009350136188446377,-0.0026216446770668637,0.03434751263084973
two_coupon_only_baseline_paired__DL_NW_single,12,0.0,0.0,0.0,0.0
two_coupon_only_baseline_paired__DL_NW_single,13,0.034684696561568584,0.011181268138871724,0.012580095494970165,0.05678929762816701
two_coupon_only_baseline_paired__DL_NW_single,14,0.060188487280532964,0.01014675942815904,0.04012903905940887,0.08024793550165706
two_coupon_only_baseline_paired__DL_NW_single,15,0.06686702316762719,0.012129614590179269,0.042887606139304334,0.09084644019595003
two_coupon_only_baseline_paired__DL_NW_single,16,0.00413227568938428,0.013111777678864187,-0.021788810475934065,0.030053361854702625
two_coupon_only_baseline_paired__DL_NW_single,17,-0.07941368672712276,0.017569916468740426,-0.11414820784684925,-0.04467916560739628
two_coupon_only_baseline_paired__DL_NW_single,18,-0.06266781672187405,0.01577461669899105,-0.09385315319524518,-0.03148248024850293
two_coupon_only_baseline_paired__DL_NW_single,19,-0.006869753793603474,0.0183505163766096,-0.04314746745122152,0.029407959864014573
two_coupon_only_baseline_paired__DL_NW_single,20,0.019981273513976508,0.01828581603792524,-0.01616853200677113,0.05613107903472415
two_coupon_only_baseline_paired__DL_NW_single,21,0.033990882077941945,0.01810138945158116,-0.0017943247169207588,0.06977608887280465
two_coupon_only_baseline_paired__DL_NW_single,22,0.07924285155627436,0.016255874239708104,0.04710610189651702,0.11137960121603172
two_coupon_only_baseline_paired__DL_NW_single,23,0.06971275741865492,0.017287311101549054,0.0355369277481861,0.10388858708912374
two_coupon_only_baseline_paired__DL_NW_single,24,0.08386134879517645,0.020305507475020055,0.043718751675111106,0.1240039459152418
two_coupon_only_baseline_paired__Rival_single,1,-0.13468975151571966,0.016028207802672983,-0.16637642022719712,-0.10300308280424221
two_coupon_only_baseline_paired__Rival_single,2,-0.11410625408680626,0.014612066144725157,-0.14299330776231994,-0.08521920041129259
two_coupon_only_baseline_paired__Rival_single,3,-0.09438672893742411,0.014871960542408774,-0.12378757603143817,-0.06498588184341006
two_coupon_only_baseline_paired__Rival_single,4,-0.08333945689144749,0.01653559650387694,-0.11602919830331228,-0.050649715479582705
two_coupon_only_baseline_paired__Rival_single,5,-0.06680408830471812,0.01374110176019,-0.09396930506296529,-0.03963887154647096
two_coupon_only_baseline_paired__Rival_single,6,-0.01436993420054718,0.01148173074169594,-0.0370685292478258,0.008328660846731437
two_coupon_only_baseline_paired__Rival_single,7,-0.012024403888746309,0.011003591706503267,-0.03377775082140733,0.009728943043914716
two_coupon_only_baseline_paired__Rival_single,8,-0.051643277355142486,0.010493928777916916,-0.0723890555956916,-0.03089749911459337
two_coupon_only_baseline_paired__Rival_single,9,-0.06478603713216588,0.011206501656634829,-0.08694052313459918,-0.04263155112973257
two_coupon_only_baseline_paired__Rival_single,10,-0.007181612171170975,0.010256635537685396,-0.027458277933066343,0.013095053590724394
two_coupon_only_baseline_paired__Rival_single,11,0.005185714041023805,0.008840701033150536,-0.012291746213012862,0.02266317429506047
two_coupon_only_baseline_paired__Rival_single,12,0.0,0.0,0.0,0.0
two_coupon_only_baseline_paired__Rival_single,13,0.007079894882266349,0.011501348947967366,-0.015657484014740774,0.029817273779273474
two_coupon_only_baseline_paired__Rival_single,14,0.058263462487936755,0.01139743460289905,0.035731515131815994,0.08079540984405752
two_coupon_only_baseline_paired__Rival_single,15,0.08469241500134807,0.011786765806482637,0.061390786529355035,0.1079940434733411
two_coupon_only_baseline_paired__Rival_single,16,0.041974739631715156,0.012135559413635259,0.017983570094707784,0.06596590916872253
two_coupon_only_baseline_paired__Rival_single,17,-0.09299038848155686,0.015265956826197453,-0.12317013923539763,-0.06281063772771608
two_coupon_only_baseline_paired__Rival_single,18,-0.09883505269078885,0.01356164784097604,-0.1256455013453831,-0.07202460403619458
two_coupon_only_baseline_paired__Rival_single,19,-0.06926961168984536,0.015365393521814867,-0.09964594197837792,-0.03889328140131279
two_coupon_only_baseline_paired__Rival_single,20,-0.00937604972526913,0.014871040782472394,-0.03877507851690297,0.020022979066364705
two_coupon_only_baseline_paired__Rival_single,21,-0.0189546088184943,0.015288745113407288,-0.04917941045489223,0.011270192817903629
two_coupon_only_baseline_paired__Rival_single,22,0.01830456383518878,0.013623175408518002,-0.00862752060509826,0.04523664827547581
two_coupon_only_baseline_paired__Rival_single,23,0.03554299844605528,0.014517939548968434,0.0068420266016110225,0.06424397029049954
two_coupon_only_baseline_paired__Rival_single,24,0.0260036568097387,0.014829676389218859,-0.00331359741036397,0.055320911029841366
two_coupon_only_balanced_24q__DL_NW_single,1,-0.03254034133419429,0.019886964247016317,-0.07189009778153271,0.006809415113144125
two_coupon_only_balanced_24q__DL_NW_single,2,-0.02333634097423008,0.01891836410604334,-0.06076955655747644,0.014096874609016288
two_coupon_only_balanced_24q__DL_NW_single,3,-0.023325338673654588,0.0188044138481468,-0.06053308420326957,0.01388240685596039
two_coupon_only_balanced_24q__DL_NW_single,4,-0.025773111157519072,0.017766291122415505,-0.06092675351117534,0.009380531196137198
two_coupon_only_balanced_24q__DL_NW_single,5,-0.035405240277852974,0.01735070744585662,-0.06973657932503374,-0.0010739012306722057
two_coupon_only_balanced_24q__DL_NW_single,6,0.06960090700966243,0.016541583238594823,0.03687055844528872,0.10233125557403613
two_coupon_only_balanced_24q__DL_NW_single,7,0.02996414905763265,0.016186410857679637,-0.002063430269956673,0.061991728385221975
two_coupon_only_balanced_24q__DL_NW_single,8,-0.003730948352373048,0.013513608310740475,-0.030469931192961534,0.023008034488215437
two_coupon_only_balanced_24q__DL_NW_single,9,-0.006989332055093014,0.013290882512715466,-0.033287613851622544,0.019308949741436515
two_coupon_only_balanced_24q__DL_NW_single,10,0.04597180693653703,0.011967404272615119,0.022292252954088737,0.06965136091898533
two_coupon_only_balanced_24q__DL_NW_single,11,0.022309375973326946,0.009956354335836895,0.0026090278783499447,0.042009724068303944
two_coupon_only_balanced_24q__DL_NW_single,12,0.0,0.0,0.0,0.0
two_coupon_only_balanced_24q__DL_NW_single,13,0.036457534841889204,0.01186366435129631,0.012983248017718909,0.059931821666059495
two_coupon_only_balanced_24q__DL_NW_single,14,0.06071119509335991,0.010707706602408136,0.03952416817055881,0.08189822201616101
two_coupon_only_balanced_24q__DL_NW_single,15,0.07118387198030245,0.012893620619400926,0.045671640711825785,0.09669610324877911
two_coupon_only_balanced_24q__DL_NW_single,16,0.0010844765365613479,0.013402084569244377,-0.02543383752766396,0.027602790600786655
two_coupon_only_balanced_24q__DL_NW_single,17,-0.08252866350779259,0.01775130551274715,-0.11765265427243103,-0.047404672743154144
two_coupon_only_balanced_24q__DL_NW_single,18,-0.06902568575622982,0.015831251192769614,-0.10035052100782352,-0.037700850504636126
two_coupon_only_balanced_24q__DL_NW_single,19,-0.002386382929443283,0.018150076325549526,-0.03829940987713994,0.033526644018253365
two_coupon_only_balanced_24q__DL_NW_single,20,0.012777053608263351,0.01740345414980088,-0.021658653804436948,0.04721276102096365
two_coupon_only_balanced_24q__DL_NW_single,21,0.027923244328879573,0.018630258767856483,-0.008939905620013792,0.06478639427777294
two_coupon_only_balanced_24q__DL_NW_single,22,0.07636598880795996,0.01709891688692379,0.04253286040000396,0.11019911721591596
two_coupon_only_balanced_24q__DL_NW_single,23,0.07054167515824954,0.01777856004091237,0.03536375665320449,0.10571959366329459
two_coupon_only_balanced_24q__DL_NW_single,24,0.08464719034542326,0.020192630060053136,0.044692621864036906,0.1246017588268096
two_coupon_only_balanced_24q__Rival_single,1,-0.12181815250609138,0.015321093193344211,-0.15213355299541043,-0.09150275201677231
two_coupon_only_balanced_24q__Rival_single,2,-0.10925679174945016,0.014509331356872027,-0.1379659827559309,-0.08054760074296943
two_coupon_only_balanced_24q__Rival_single,3,-0.09184959000279853,0.014169623512145228,-0.1198866109994571,-0.06381256900613996
two_coupon_only_balanced_24q__Rival_single,4,-0.08438821938523967,0.01572500649945143,-0.11550283135921471,-0.053273607411264634
two_coupon_only_balanced_24q__Rival_single,5,-0.07486535699931232,0.014003107858500643,-0.10257289832606264,-0.04715781567256199
two_coupon_only_balanced_24q__Rival_single,6,-0.010623271007721438,0.012075331883009719,-0.03451637820675019,0.013269836191307307
two_coupon_only_balanced_24q__Rival_single,7,-0.009146286163273842,0.011445637203815955,-0.0317934348562839,0.013500862529736216
two_coupon_only_balanced_24q__Rival_single,8,-0.0384581282228793,0.00918251267820248,-0.056627298387504896,-0.020288958058253703
two_coupon_only_balanced_24q__Rival_single,9,-0.06211933353851399,0.010923211448189496,-0.08373277361766146,-0.04050589345936651
two_coupon_only_balanced_24q__Rival_single,10,-0.00900766311851184,0.009405487912109498,-0.027618027878705022,0.009602701641681343
two_coupon_only_balanced_24q__Rival_single,11,0.004895519199196405,0.00870635184288782,-0.012331485400757637,0.022122523799150445
two_coupon_only_balanced_24q__Rival_single,12,0.0,0.0,0.0,0.0
two_coupon_only_balanced_24q__Rival_single,13,0.012498148913144618,0.009635341547218812,-0.0065670205345686305,0.031563318360857864
two_coupon_only_balanced_24q__Rival_single,14,0.06292839817833959,0.009616140984450868,0.043901220324475757,0.08195557603220342
two_coupon_only_balanced_24q__Rival_single,15,0.08914033378990056,0.011205424296818903,0.06696848737372038,0.11131218020608075
two_coupon_only_balanced_24q__Rival_single,16,0.03898542819466902,0.010651228268465398,0.01791015330488782,0.06006070308445022
two_coupon_only_balanced_24q__Rival_single,17,-0.08793594696783949,0.014895944815470593,-0.11741011875500418,-0.0584617751806748
two_coupon_only_balanced_24q__Rival_single,18,-0.09885510624516418,0.013683398091990373,-0.12593004717651218,-0.07178016531381617
two_coupon_only_balanced_24q__Rival_single,19,-0.06475289777117117,0.015177076124350342,-0.09478333588419298,-0.034722459658149366
two_coupon_only_balanced_24q__Rival_single,20,-0.009378555856675509,0.014016882019667394,-0.03711335171460746,0.018356240001256442
two_coupon_only_balanced_24q__Rival_single,21,-0.01961251221081728,0.015014990223951925,-0.04932223567755102,0.01009721125591646
two_coupon_only_balanced_24q__Rival_single,22,0.017941689633054255,0.013810084626698438,-0.009383922251587563,0.045267301517696076
two_coupon_only_balanced_24q__Rival_single,23,0.04123049882498535,0.013671921103453794,0.0141782670762986,0.0682827305736721
two_coupon_only_balanced_24q__Rival_single,24,0.02389737815020987,0.014713394927402873,-0.005215587494794061,0.0530103437952138
