sample_group,phase,carrier_group,possible_route_quarters,observed_positive_cells,missing_cells,routes_observed,pax,share_total_passengers,mean_route_quarter_share_with_missing_as_zero,passenger_weighted_fare,one_coupon_share,mixed_merger_any_pax
Legacy comparison,2005–2006,DL_NW_single,828,55,773,28,261,0.00014460546808125164,0.0010726043885308561,242.85440560410305,0.0842911877394636,0
Legacy comparison,2005–2006,Rival_single,828,811,17,104,1767858,0.9794710099279134,0.8547058101795542,118.13891037205424,0.9573234954391133,0
Legacy comparison,2005–2006,Mixed,828,689,139,101,36792,0.020384384604005407,0.14422158543191507,224.5026090559324,0.0,112
Legacy comparison,2007,DL_NW_single,416,0,416,0,0,0.0,0.0,,,0
Legacy comparison,2007,Rival_single,416,416,0,104,877011,0.9808057492165955,0.880156783894712,126.71078105518998,0.9563403423674276,0
Legacy comparison,2007,Mixed,416,345,71,95,17163,0.019194250783404573,0.11984321610528816,230.6089840707666,0.0,0
Legacy comparison,2008,DL_NW_single,416,11,405,8,15,1.8209430299763643e-05,0.0001356948987085368,258.6,0.06666666666666667,0
Legacy comparison,2008,Rival_single,416,416,0,104,808159,0.9810743321084456,0.8766647277871574,137.90942111536097,0.954781175486507,0
Legacy comparison,2008,Mixed,416,337,79,95,15575,0.01890745846125458,0.12319957731413392,249.49495950224312,0.0,95
Legacy comparison,2009,DL_NW_single,416,10,406,10,17,2.2165201155719664e-05,7.934524567725379e-05,147.64705882352942,0.7058823529411765,0
Legacy comparison,2009,Rival_single,416,415,1,104,751480,0.9798061979117773,0.8672553067221292,129.67307875610092,0.9551751210943737,0
Legacy comparison,2009,Mixed,416,325,91,91,15471,0.020171636887066996,0.13266534803219343,230.39435053330942,0.0,324
Legacy comparison,2010,DL_NW_single,415,22,393,13,63,8.529408180920932e-05,0.00018341990840887646,119.47618908352322,0.8095238095238095,0
Legacy comparison,2010,Rival_single,415,411,4,104,722239,0.9778208309809767,0.8669425771480681,145.74941836320633,0.9532647780028495,0
Legacy comparison,2010,Mixed,415,337,78,93,16319,0.02209387493721408,0.1328740029435231,247.98468021832522,0.0,377
Overlap,2005–2006,DL_NW_single,1248,1248,0,156,473242,0.33447359009842487,0.33161790436344457,186.99363357726634,0.4324911990060054,0
Overlap,2005–2006,Rival_single,1248,1193,55,155,686113,0.4849245804962379,0.3935285344879373,206.66010540206082,0.4050032574809106,0
Overlap,2005–2006,Mixed,1248,1248,0,156,255531,0.18060182940533726,0.27485356114861814,217.5553259849082,0.0,77115
Overlap,2007,DL_NW_single,624,624,0,156,219295,0.3134034851033483,0.3020688860459127,197.2015004485073,0.40613329077270344,0
Overlap,2007,Rival_single,624,600,24,155,337248,0.48197495859063827,0.3897911920958707,216.0220724895677,0.40651093557263496,0
Overlap,2007,Mixed,624,624,0,156,143178,0.2046215563060134,0.30813992185821665,227.77680227893012,0.0,48918
Overlap,2008,DL_NW_single,624,624,0,156,188945,0.27635739756442174,0.268320313525812,205.35074252015767,0.38048638492683057,0
Overlap,2008,Rival_single,624,619,5,156,351782,0.5145283443859716,0.4078821153842311,231.84674314080792,0.40800552614971775,0
Overlap,2008,Mixed,624,624,0,156,142971,0.2091142580496067,0.32379757108995694,230.86926717077998,0.0,53119
Overlap,2009,DL_NW_single,624,615,9,156,171337,0.2567069498173624,0.199841116562972,185.31721696070102,0.4644122402049762,0
Overlap,2009,Rival_single,624,619,5,156,329447,0.4935964473317532,0.40287606382549734,206.3609746553716,0.37024468275625516,0
Overlap,2009,Mixed,624,624,0,156,166658,0.2496966028508844,0.39728281961153067,210.7894731224571,0.0,65645
Overlap,2010,DL_NW_single,624,617,7,156,169120,0.24441637497217944,0.19017913002004364,204.22394187348905,0.48591532639545887,0
Overlap,2010,Rival_single,624,622,2,156,363507,0.5253492385111875,0.4331471776966471,225.42057514839476,0.3734205943764494,0
Overlap,2010,Mixed,624,624,0,156,159307,0.23023438651663308,0.3766736922833093,229.9115984484224,0.0,57703
