comparison_group,t,mean_lnfare,mean_fare,routes,passengers,revenue,passenger_weighted_fare,reference_lnfare,index_2007q4_100,cohort,stratification,wn_present
Added comparison,1,4.98869523388187,159.341778203006,316,448439,44039759.603027344,98.2068009317373,5.0066201902955445,98.22347400101269,available,all,
Added comparison,2,5.0123976514928605,162.82449983045925,320,561758,57047181.17111206,101.5511682452445,5.0066201902955445,100.57941829137718,available,all,
Added comparison,3,5.026281296006999,165.93857432839783,319,540425,55552074.8322525,102.7933105097886,5.0066201902955445,101.9855658197562,available,all,
Added comparison,4,5.040399368134676,166.58126586935458,332,539420,58338684.08245468,108.15076208233785,5.0066201902955445,103.43561727422308,available,all,
Added comparison,5,5.051728818582158,168.19204439758343,332,530336,58752476.95872879,110.78349755386922,5.0066201902955445,104.61414942947316,available,all,
Added comparison,6,5.078556459246856,173.21488540742158,335,588999,67302945.00504684,114.26665411154661,5.0066201902955445,107.45868573341468,available,all,
Added comparison,7,5.05967430057839,170.63300347859592,334,561657,60994411.03627014,108.59725960198153,5.0066201902955445,105.4486702149366,available,all,
Added comparison,8,4.988233590077948,157.64771987358617,350,597419,62618993.968379974,104.81587289386506,5.0066201902955445,98.17814020767797,available,all,
Added comparison,9,4.989691697000354,157.76436508135467,356,578581,61467872.8707962,106.23901039058698,5.0066201902955445,98.32139885137215,available,all,
Added comparison,10,4.992945999215251,158.64993563542484,356,656198,70837314.03669739,107.95112761193631,5.0066201902955445,98.64188759820108,available,all,
Added comparison,11,4.999402128131381,160.60350563232572,356,628522,68677143.25246811,109.26768395134634,5.0066201902955445,99.28079254821317,available,all,
Added comparison,12,5.0066201902955445,160.87310159919005,356,627392,69355407.05395317,110.5455712759378,5.0066201902955445,100.0,available,all,
Added comparison,13,5.027433863111223,164.39664308397371,356,590512,66907964.38007355,113.30500375957398,5.0066201902955445,102.10317879342803,available,all,
Added comparison,14,5.066285957474687,172.17524162208153,354,619788,72567157.19823265,117.08383705110884,5.0066201902955445,106.14817052242292,available,all,
Added comparison,15,5.131017111721312,184.14011710036874,352,547713,69983401.96065903,127.77385594400539,5.0066201902955445,113.24652815371192,available,all,
Added comparison,16,5.112601170541584,179.716241317842,346,530647,67387398.56895447,126.99101016109479,5.0066201902955445,111.18007301290919,available,all,
Added comparison,17,5.020895145143258,164.18245855097,347,485768,57229886.914302826,117.81320900986238,5.0066201902955445,101.43773285623566,available,all,
Added comparison,18,4.986151733658464,158.48196608968144,345,538298,61264457.04387283,113.811414948361,5.0066201902955445,97.97396002688885,available,all,
Added comparison,19,5.016506326454719,163.65602435772024,344,504933,59698481.00609207,118.23049990016908,5.0066201902955445,100.9935165440106,available,all,
Added comparison,20,5.044881105720034,167.54964963625952,342,502939,61062647.67194176,121.41163773726387,5.0066201902955445,103.90022892389095,available,all,
Added comparison,21,5.069894222016364,171.9440130883357,343,456878,58577669.64835739,128.2129357254177,5.0066201902955445,106.53187303606666,available,all,
Added comparison,22,5.109697803375897,178.23846462235124,336,506476,67313953.95700455,132.906502888596,5.0066201902955445,110.85774458475561,available,all,
Added comparison,23,5.119778574762446,181.1614717191771,333,482631,64741306.75719452,134.14245408437196,5.0066201902955445,111.98092792994947,available,all,
Added comparison,24,5.104890731762904,176.9898099762727,335,490972,65513197.005622864,133.43570917612993,5.0066201902955445,110.32612226468781,available,all,
Legacy comparison,1,5.093191188328618,181.1684667969018,102,197227,21709748.89596939,110.07493343187997,5.150501311607471,94.43011741757022,available,all,
Legacy comparison,2,5.138274258511151,187.75767008373083,103,228353,26418685.929714203,115.69230940567543,5.150501311607471,98.78473935872961,available,all,
Legacy comparison,3,5.148372717718758,191.45851491228825,103,228063,26753036.894607544,117.30546776376502,5.150501311607471,99.78736699607023,available,all,
Legacy comparison,4,5.120003543096358,184.98908395962093,104,234911,27364712.89956665,116.48970418399585,5.150501311607471,96.99625965255505,available,all,
Legacy comparison,5,5.186858204139098,198.1753906165974,104,222923,27430612.927204132,123.04972087763099,5.150501311607471,103.70258872488674,available,all,
Legacy comparison,6,5.182596944255123,198.79562286836472,104,235307,30582962.215564728,129.97047353272418,5.150501311607471,103.26162524095466,available,all,
Legacy comparison,7,5.135566348026601,191.5998976513137,104,226220,28872477.96572876,127.63008560573229,5.150501311607471,98.5176009839484,available,all,
Legacy comparison,8,5.114874368920125,186.1652296635389,104,231907,28043865.0764122,120.92720390679109,5.150501311607471,96.50002267323788,available,all,
Legacy comparison,9,5.151518946093832,193.1883550491698,104,218507,27282818.92640686,124.86015974960463,5.150501311607471,100.10181524520203,available,all,
Legacy comparison,10,5.171594866193071,195.84911778093849,104,232546,29814181.016124725,128.20767080975259,5.150501311607471,102.13175961126176,available,all,
Legacy comparison,11,5.177988993678017,197.8598982555638,104,218875,29096639.911140442,132.93724688128128,5.150501311607471,102.78689538120118,available,all,
Legacy comparison,12,5.150501311607471,191.89267776914565,104,224246,28891050.943927765,128.8364160070983,5.150501311607471,100.0,available,all,
Legacy comparison,13,5.188992951125877,201.25243028363644,104,213742,27925130.952655792,130.64877727660354,5.150501311607471,103.92420397577193,available,all,
Legacy comparison,14,5.22523424630226,207.78197219409338,104,216216,29683997.054195404,137.2886236642774,5.150501311607471,107.75963238609103,available,all,
Legacy comparison,15,5.27855919470313,221.16953633757583,104,200772,29801445.862564087,148.43427301896722,5.150501311607471,113.66187918072572,available,all,
Legacy comparison,16,5.258596156879341,214.97559049093954,104,193019,27931928.98400116,144.71077450407037,5.150501311607471,111.41534125586922,available,all,
Legacy comparison,17,5.203108505184669,203.41653956676765,104,173722,23429554.985290527,134.86809376642296,5.150501311607471,105.40155397193152,available,all,
Legacy comparison,18,5.158225851400374,192.76234442136885,104,197933,25570475.03025055,129.1875282557762,5.150501311607471,100.77544510176224,available,all,
Legacy comparison,19,5.177348827546715,195.5769971491953,104,194831,26079701.041059494,133.85806694550402,5.150501311607471,102.72111574922913,available,all,
Legacy comparison,20,5.1946826055608915,200.2426098787578,104,200482,25933935.16413498,129.35792322570094,5.150501311607471,104.51718210448317,available,all,
Legacy comparison,21,5.24660376230881,210.19067825669237,104,180500,25197085.035736084,139.59603897914727,5.150501311607471,110.08718433091522,available,all,
Legacy comparison,22,5.251247749434838,209.07856528699557,104,187064,27794964.0708313,148.58531877235222,5.150501311607471,110.59961674149505,available,all,
Legacy comparison,23,5.317166563768024,221.45472876178383,103,178773,27972364.95677185,156.46862197743422,5.150501311607471,118.13587418253013,available,all,
Legacy comparison,24,5.262435870878362,213.56136383914233,104,192284,28355889.102279663,147.46879148696544,5.150501311607471,111.84396667428847,available,all,
Overlap,1,5.308215209675025,208.00909211666502,156,144548,27601635.975120544,190.9513516279751,5.41635133883026,89.75054114606735,available,all,
Overlap,2,5.3198117579118165,210.1679628146648,156,186732,36210769.924575806,193.9183960144796,5.41635133883026,90.79739584453037,available,all,
Overlap,3,5.33526354948758,214.3571756704445,156,197969,39173188.04078674,197.8753645307434,5.41635133883026,92.21127362201672,available,all,
Overlap,4,5.353264979366602,217.28241019529167,156,171914,33750256.912857056,196.32058420406165,5.41635133883026,93.88623905355394,available,all,
Overlap,5,5.366219893430485,220.80809913262308,156,154194,30637350.02783966,198.6935291116364,5.41635133883026,95.11043979859927,available,all,
Overlap,6,5.442410183627275,237.18604531850445,156,194818,42259460.10665512,216.91763649485736,5.41635133883026,102.64013450752181,available,all,
Overlap,7,5.433545217672754,235.9883585116054,156,193636,41884943.041633606,216.30762379740133,5.41635133883026,101.73425444009571,available,all,
Overlap,8,5.38690297765604,225.5226370989324,156,171075,34359952.01387787,200.84730097254345,5.41635133883026,97.09810166661777,available,all,
Overlap,9,5.384253792058889,225.10391294103925,156,149352,29933301.055625916,200.42115978109376,5.41635133883026,96.84121119967644,available,all,
Overlap,10,5.438674398917903,237.19286558261038,156,188563,40644772.928180695,215.55009693407877,5.41635133883026,102.25740839874639,available,all,
Overlap,11,5.434310035160633,237.29294843203024,156,194029,42747190.93523407,220.31341157885714,5.41635133883026,101.81209233910673,available,all,
Overlap,12,5.41635133883026,233.47811893615685,156,167777,35385677.021469116,210.90898646101144,5.41635133883026,100.0,available,all,
Overlap,13,5.443988073907762,240.7626249258598,156,141883,30464354.02156067,214.71461712510074,5.41635133883026,102.80221721888792,available,all,
Overlap,14,5.476311426624337,247.549902023091,156,187605,42824860.10997009,228.2714219235633,5.41635133883026,106.17941671521898,available,all,
Overlap,15,5.496720171480722,253.97748834574108,156,193706,45298911.897377014,233.8539430754701,5.41635133883026,108.3686693008245,available,all,
Overlap,16,5.439105831452463,239.5630483642606,156,160504,34778991.00879669,216.68613248764325,5.41635133883026,102.30153508979004,available,all,
Overlap,17,5.338542450026579,217.92701105988263,156,136610,26306276.928215027,192.56479707353068,5.41635133883026,92.51412144941884,available,all,
Overlap,18,5.342404872784889,217.07938205472388,156,184026,35715813.99433899,194.08026036722524,5.41635133883026,92.87214106403667,available,all,
Overlap,19,5.383858325991494,227.47775085058004,156,189668,39433298.109558105,207.90696432481022,5.41635133883026,96.80292135838707,available,all,
Overlap,20,5.413957524287628,234.17120489223277,156,157138,33411062.999214172,212.62242741548303,5.41635133883026,99.7609048346536,available,all,
Overlap,21,5.422055306336754,236.02159844088047,156,138094,29200215.051826477,211.45172890803713,5.41635133883026,100.5720266103304,available,all,
Overlap,22,5.453863091134958,241.12951660206767,156,186848,41387606.01713562,221.5041424962302,5.41635133883026,103.82241985372534,available,all,
Overlap,23,5.46263786574596,243.86537802004074,156,198517,45407795.921180725,228.73505000166597,5.41635133883026,104.73744689437088,available,all,
Overlap,24,5.4476676969548175,240.59562231417723,156,168475,37111220.083992004,220.2773116723075,5.41635133883026,103.18118743282885,available,all,
Added comparison,1,5.020543610070102,163.79419721418543,124,116491,12438279.897361755,106.77459973183984,4.974595681214411,104.70198900136782,available,by_wn,0.0
Added comparison,2,5.050063237241846,169.18223086271877,129,140718,15461622.009101868,109.87664697552458,4.974595681214411,107.83882399520124,available,by_wn,0.0
Added comparison,3,5.064120135318435,171.8587601751659,127,131511,14851071.829917908,112.92646113190462,4.974595681214411,109.36540773159219,available,by_wn,0.0
Added comparison,4,5.065376608417803,170.14365241377104,140,136755,16435588.076179504,120.18272148133161,4.974595681214411,109.50290878950888,available,by_wn,0.0
Added comparison,5,5.077997978739362,172.45115055418276,140,138241,16905748.122959137,122.29185352362278,4.974595681214411,110.89374421392915,available,by_wn,0.0
Added comparison,6,5.083915360111411,174.14077191993655,143,150547,18902008.049152374,125.55552783617325,4.974595681214411,111.5518901199437,available,by_wn,0.0
Added comparison,7,5.064771197979089,171.80713569446885,143,147844,16781920.9609375,113.51100457872825,4.974595681214411,109.43663464901059,available,by_wn,0.0
Added comparison,8,4.977297499783558,157.46234289232262,158,162425,17302263.982707977,106.52463587937804,4.974595681214411,100.27054717702917,available,by_wn,0.0
Added comparison,9,4.974590317875367,158.3485881320753,164,169604,17461576.998176575,102.95498336228258,4.974595681214411,99.99946366753387,available,by_wn,0.0
Added comparison,10,4.987522861434539,160.33750755870858,164,188987,19903790.903606415,105.31830709840578,4.974595681214411,101.3011097428764,available,by_wn,0.0
Added comparison,11,4.977040576994209,160.40678405841132,164,182758,19412397.00843811,106.21913682814493,4.974595681214411,100.24478869747087,available,by_wn,0.0
Added comparison,12,4.974595681214411,159.01415696107858,164,179932,19195049.062288284,106.67946258746795,4.974595681214411,100.0,available,by_wn,0.0
Added comparison,13,5.009071272410611,166.05033819954505,164,177118,19354910.006053925,109.27692276365995,4.974595681214411,103.50767630821397,available,by_wn,0.0
Added comparison,14,5.048332923175513,172.9285829560073,162,174326,20013140.009817123,114.80295543875913,4.974595681214411,107.65239030208133,available,by_wn,0.0
Added comparison,15,5.084190953395461,180.06207205094324,160,153637,18858651.98356247,122.74811395407662,4.974595681214411,111.58263730834852,available,by_wn,0.0
Added comparison,16,5.031283453086924,169.56011882043921,154,147060,17210701.905944824,117.03183670573115,4.974595681214411,105.83253198710705,available,by_wn,0.0
Added comparison,17,4.941466621850815,158.3135702589889,155,147578,15104268.915534973,102.34770030448287,4.974595681214411,96.74136977357463,available,by_wn,0.0
Added comparison,18,4.89363390588961,150.78649137172278,155,165243,16054553.06419754,97.1572354907472,4.974595681214411,92.22289426726631,available,by_wn,0.0
Added comparison,19,4.902082197927229,151.45483276386324,154,155001,15420532.973283768,99.48666765558782,4.974595681214411,93.00532064012606,available,by_wn,0.0
Added comparison,20,4.95455600311471,157.49838743252784,152,139398,14888799.871593475,106.80784424162094,4.974595681214411,98.01597816576471,available,by_wn,0.0
Added comparison,21,4.960339609650542,159.57239536912058,152,131838,14799798.92111206,112.25745931455317,4.974595681214411,98.5845065050328,available,by_wn,0.0
Added comparison,22,5.010632950521291,166.0646650872171,145,142994,16808279.001422882,117.54534456986225,4.974595681214411,103.66944826557629,available,by_wn,0.0
Added comparison,23,5.0128852628729135,169.33701866502332,142,139029,16345411.916519165,117.56836283451054,4.974595681214411,103.90320739485787,available,by_wn,0.0
Added comparison,24,5.011338424219948,166.02997539543856,144,134334,16316473.01795578,121.46197550847722,4.974595681214411,103.74261013853616,available,by_wn,0.0
Added comparison,1,4.968126490926971,156.46625759161927,192,331948,31601479.70566559,95.2000906939207,5.033974458469012,93.62731973872394,available,by_wn,1.0
Added comparison,2,4.986958590960823,158.530534892441,191,421040,41585559.16201019,98.7686660697563,5.033974458469012,95.40722587208855,available,by_wn,1.0
Added comparison,3,5.001252480420789,162.022618065171,192,408914,40701003.002334595,99.53438376366326,5.033974458469012,96.78075939447844,available,by_wn,1.0
Added comparison,4,5.0221867970948955,163.98369234738422,192,402665,41903096.00627518,104.06441087821186,5.033974458469012,98.82815409282274,available,by_wn,1.0
Added comparison,5,5.032574222634197,165.0864461583964,192,392095,41846728.83576965,106.72599455685396,5.033974458469012,99.86007440379771,available,by_wn,1.0
Added comparison,6,5.074565194540443,172.52529284862135,192,438452,48400936.95589447,110.3905033068488,5.033974458469012,104.14258003014064,available,by_wn,1.0
Added comparison,7,5.055858298859541,169.7539411389633,191,413813,44212490.07533264,106.841713709653,5.033974458469012,102.21250479279792,available,by_wn,1.0
Added comparison,8,4.997233081049375,157.8002696810843,192,434994,45316729.985672,104.17782770721435,5.033974458469012,96.39253959886372,available,by_wn,1.0
Added comparison,9,5.002590791669614,157.26534122553082,192,408977,44006295.87261963,107.60090634099137,5.033974458469012,96.91036888301903,available,by_wn,1.0
Added comparison,10,4.997578262736275,157.2084679509533,192,467211,50933523.13309097,109.01610435775478,5.033974458469012,96.42581828155255,available,by_wn,1.0
Added comparison,11,5.018502619727714,160.77153864337765,192,445764,49264746.24403,110.51755243588535,5.033974458469012,98.46472352668192,available,by_wn,1.0
Added comparison,12,5.033974458469012,162.4609501442436,192,447460,50160357.99166489,112.10020558634265,5.033974458469012,100.0,available,by_wn,1.0
Added comparison,13,5.043118576001329,162.98411183942318,192,413394,47553054.37401962,115.03082863810221,5.033974458469012,100.91860526976069,available,by_wn,1.0
Added comparison,14,5.081433830164614,171.53960987158166,192,445462,52554017.18841553,117.97643163370955,5.033974458469012,104.86035972696874,available,by_wn,1.0
Added comparison,15,5.170038910326188,187.53848797488993,192,394076,51124749.97709656,129.7332239900338,5.033974458469012,114.5755737300293,available,by_wn,1.0
Added comparison,16,5.177824756416677,187.86229790430048,192,383587,50176696.66300964,130.80916887957528,5.033974458469012,115.47112329438963,available,by_wn,1.0
Added comparison,17,5.0850171300928855,168.9203631616839,192,338190,42125617.99876785,124.56198586228999,5.033974458469012,105.23677985679836,available,by_wn,1.0
Added comparison,18,5.061626803680424,164.75985335959507,190,373055,45209903.97967529,121.18830729966169,5.033974458469012,102.80382198779034,available,by_wn,1.0
Added comparison,19,5.1092500937875265,173.54541122853067,190,349932,44277948.032808304,126.5330065064307,5.033974458469012,107.81812947756768,available,by_wn,1.0
Added comparison,20,5.117141187804292,175.59065939924483,190,363541,46173847.80034828,127.01139018803458,5.033974458469012,108.67229820447804,available,by_wn,1.0
Added comparison,21,5.157079044422673,181.78948896959596,191,325040,43777870.72724533,134.6845641374764,5.033974458469012,113.10027017582827,available,by_wn,1.0
Added comparison,22,5.184904105281226,187.48035432179861,191,363482,50505674.955581665,138.94959022890174,5.033974458469012,116.29148404376397,available,by_wn,1.0
Added comparison,23,5.199248995120109,189.95242634582544,191,343602,48395894.840675354,140.8486994856705,5.033974458469012,117.97169497982456,available,by_wn,1.0
Added comparison,24,5.17542231441309,185.25272191156128,191,356638,49196723.987667084,137.9458273870622,5.033974458469012,115.19404358482119,available,by_wn,1.0
Legacy comparison,1,5.157021446081294,190.3740975802431,72,62976,9167051.95967102,145.5642142986379,5.177802390550265,97.94334913955232,available,by_wn,0.0
Legacy comparison,2,5.210659898936456,198.67341421455112,73,71907,11089382.003746033,154.2183932544263,5.177802390550265,103.340327744905,available,by_wn,0.0
Legacy comparison,3,5.216144419169688,202.0608208370802,73,72473,11341748.981925964,156.49619833491045,5.177802390550265,103.9086569452206,available,by_wn,0.0
Legacy comparison,4,5.1697417760617315,192.87826824723825,74,72486,10766586.89365387,148.53332910705336,5.177802390550265,99.19717851523174,available,by_wn,0.0
Legacy comparison,5,5.247633636583087,209.34238766116493,74,70821,11248130.950027466,158.82479702386956,5.177802390550265,107.23272065143314,available,by_wn,0.0
Legacy comparison,6,5.225694506807898,207.55876319199032,74,77633,12893782.08732605,166.0863561542907,5.177802390550265,104.90574729731699,available,by_wn,0.0
Legacy comparison,7,5.176341481551004,200.7995984733548,74,76050,12470408.949775696,163.97644904373038,5.177802390550265,99.85401576088225,available,by_wn,0.0
Legacy comparison,8,5.155872605868182,194.59281121978356,74,76042,11556302.018974304,151.9726206435168,5.177802390550265,97.83089249118254,available,by_wn,0.0
Legacy comparison,9,5.195609157523467,202.82187248631905,74,69524,11264596.004146576,162.02456711562303,5.177802390550265,101.79662526834636,available,by_wn,0.0
Legacy comparison,10,5.211160946412669,203.87209000179348,74,76682,12557550.980003357,163.76139093924724,5.177802390550265,103.3921191292003,available,by_wn,0.0
Legacy comparison,11,5.2108973710898825,204.75260714947484,74,75073,12751095.945327759,169.84929262621392,5.177802390550265,103.36487110913785,available,by_wn,0.0
Legacy comparison,12,5.177802390550265,197.86725654815052,74,75281,11990066.009853363,159.27081215517015,5.177802390550265,100.0,available,by_wn,0.0
Legacy comparison,13,5.236783768354591,211.9115247772801,74,69286,11778135.912715912,169.99301320203088,5.177802390550265,106.07554869599896,available,by_wn,0.0
Legacy comparison,14,5.264782890683836,215.48259227656143,74,72164,12953952.112674713,179.50712422641087,5.177802390550265,109.08754075861384,available,by_wn,0.0
Legacy comparison,15,5.303232368436722,226.09220699629597,74,71180,13396239.879558563,188.20230232591408,5.177802390550265,113.36357866075333,available,by_wn,0.0
Legacy comparison,16,5.271110470376882,217.40238268645663,74,68160,11956555.964073181,175.4189548719657,5.177802390550265,109.77998931763422,available,by_wn,0.0
Legacy comparison,17,5.237997026005348,211.513012061851,74,57281,9718131.961120605,169.65716312774927,5.177802390550265,106.20432376988813,available,by_wn,0.0
Legacy comparison,18,5.19381314016262,199.98472373785452,74,61883,10535916.017997742,170.25541777221113,5.177802390550265,101.61396084542748,available,by_wn,0.0
Legacy comparison,19,5.206835998830784,201.22054222725865,74,62302,10944356.998662949,175.66622257171437,5.177802390550265,102.94591922470579,available,by_wn,0.0
Legacy comparison,20,5.2249283042905885,205.39868692921328,74,58414,9996460.031589508,171.1312362034702,5.177802390550265,104.82539903510879,available,by_wn,0.0
Legacy comparison,21,5.284266783351899,218.30885208556595,74,57579,10583034.01939392,183.8002400075361,5.177802390550265,111.23383184893679,available,by_wn,0.0
Legacy comparison,22,5.276381327973761,214.95335178420197,74,61429,11745098.079841614,191.19793712809283,5.177802390550265,110.3601516416419,available,by_wn,0.0
Legacy comparison,23,5.358825335354391,230.27061765306533,73,61912,12383992.04006195,200.02571456360562,5.177802390550265,119.8442677010214,available,by_wn,0.0
Legacy comparison,24,5.280469097867452,218.4200634547818,74,65035,11640402.975597382,178.98674522330103,5.177802390550265,110.81220185613986,available,by_wn,0.0
Legacy comparison,1,4.939998569722195,159.07495291688275,30,134251,12542696.93629837,93.42721422036611,5.0831586502152435,86.66153295818134,available,by_wn,1.0
Legacy comparison,2,4.962135866809576,161.19602603206823,30,156446,15329303.92596817,97.98463320230732,5.0831586502152435,88.60137729517001,available,by_wn,1.0
Legacy comparison,3,4.983461577521497,165.65957049529462,30,155590,15411287.91268158,99.05063251289658,5.0831586502152435,90.51115595179769,available,by_wn,1.0
Legacy comparison,4,4.997315901781766,165.5290960501648,30,162425,16598126.00591278,102.1894782571204,5.0831586502152435,91.77385356961976,available,by_wn,1.0
Legacy comparison,5,5.036945470777255,170.63013123999755,30,152102,16182481.977176666,106.39230238377317,5.0831586502152435,95.48383885815839,available,by_wn,1.0
Legacy comparison,6,5.076289623291615,177.17987673675492,30,157674,17689180.128238678,112.18831340765553,5.0831586502152435,99.31545109169541,available,by_wn,1.0
Legacy comparison,7,5.034987685333075,168.90730229027895,30,150170,16402069.015953064,109.22334032065702,5.0831586502152435,95.29708486006817,available,by_wn,1.0
Legacy comparison,8,5.013745384448251,165.37719515813535,30,155865,16487563.057437897,105.78104807004713,5.0831586502152435,93.29410478017027,available,by_wn,1.0
Legacy comparison,9,5.042763091234066,169.42567870420163,30,148983,16018222.922260284,107.5171188810823,5.0831586502152435,96.04094654166127,available,by_wn,1.0
Legacy comparison,10,5.073998534984731,176.05911963616288,30,155864,17256630.03612137,110.71594490146133,5.0831586502152435,99.08817108171061,available,by_wn,1.0
Legacy comparison,11,5.096814996062084,180.85788298391654,30,143802,16345543.965812683,113.667014129238,5.0831586502152435,101.37500196660957,available,by_wn,1.0
Legacy comparison,12,5.0831586502152435,177.15538344760026,30,148965,16900984.9340744,113.45607984475818,5.0831586502152435,100.0,available,by_wn,1.0
Legacy comparison,13,5.071108935295048,174.95999719931538,30,144456,16146995.03993988,111.77794650232514,5.0831586502152435,98.8022592176604,available,by_wn,1.0
Legacy comparison,14,5.1276809234943705,188.78710932400557,30,144052,16730044.94152069,116.13892859190217,5.0831586502152435,104.55282637939693,available,by_wn,1.0
Legacy comparison,15,5.2176986994936,209.02694871273283,30,129592,16405205.983005524,126.59119376971977,5.0831586502152435,114.40104748788944,available,by_wn,1.0
Legacy comparison,16,5.227727516918746,208.98950307533076,30,124859,15975373.019927979,127.94730872366412,5.0831586502152435,115.55412705417305,available,by_wn,1.0
Legacy comparison,17,5.117050153826991,183.4452407455621,30,116441,13711423.024169922,117.75425343452841,5.0831586502152435,103.4472364124015,available,by_wn,1.0
Legacy comparison,18,5.0704438724535,174.94714210737078,30,136050,15034559.012252808,110.50760023706584,5.0831586502152435,98.73657135209415,available,by_wn,1.0
Legacy comparison,19,5.104613805046011,181.6562526233057,30,132529,15135344.042396545,114.20401604476413,5.0831586502152435,102.16869715848713,available,by_wn,1.0
Legacy comparison,20,5.120076548694304,187.5242864876342,30,142068,15937475.132545471,112.18201940300047,5.0831586502152435,103.76078281601504,available,by_wn,1.0
Legacy comparison,21,5.153701643735861,190.16584947880423,30,122921,14614051.016342163,118.88978300162026,5.0831586502152435,107.30907043862771,available,by_wn,1.0
Legacy comparison,22,5.189251589038829,194.58742526055315,30,125635,16049865.990989685,127.74995814056342,5.0831586502152435,111.19252127256686,available,by_wn,1.0
Legacy comparison,23,5.215796886241195,200.00273245966542,30,116861,15588372.9167099,133.3924313219115,5.0831586502152435,114.18368481680696,available,by_wn,1.0
Legacy comparison,24,5.217953910971944,201.5765714538983,30,127249,16715486.126682281,131.36045176529703,5.0831586502152435,114.43024767429573,available,by_wn,1.0
Overlap,1,5.3478050984795,217.7468403707291,70,68395,13356076.02143097,195.2785440665395,5.459170794608502,89.46115331272767,available,by_wn,0.0
Overlap,2,5.354986109156143,218.3704802979472,70,81195,15945445.894226074,196.38457902858642,5.459170794608502,90.10588695883462,available,by_wn,0.0
Overlap,3,5.387516640464335,226.61154041375775,70,84079,16986178.032310486,202.0264041236276,5.459170794608502,93.08527717217629,available,by_wn,0.0
Overlap,4,5.42366742380789,233.94222238944485,70,78061,15611249.913482666,199.98782892203104,5.459170794608502,96.51194809991804,available,by_wn,0.0
Overlap,5,5.443063723239614,239.36990992172926,70,71574,14586352.032341003,203.79400386091322,5.459170794608502,98.40219538369205,available,by_wn,0.0
Overlap,6,5.487978420062185,249.80150161238467,70,85279,18518955.092338562,217.1572730958215,5.459170794608502,102.9226578433035,available,by_wn,0.0
Overlap,7,5.465958042267054,246.63539994008056,70,82092,17398816.990249634,211.94290540186174,5.459170794608502,100.68103332235363,available,by_wn,0.0
Overlap,8,5.408818311094368,234.04273279976098,70,78086,14878832.992126465,190.54418195485061,5.459170794608502,95.0894190896049,available,by_wn,0.0
Overlap,9,5.456387632127658,244.34358955905415,70,68271,13678601.020614624,200.35741413798866,5.459170794608502,99.72207069252924,available,by_wn,0.0
Overlap,10,5.48198222595891,250.08476915688385,70,83185,17794465.937984467,213.9143588145034,5.459170794608502,102.30736017492639,available,by_wn,0.0
Overlap,11,5.464657711719449,247.70101497461366,70,81015,17644774.993278503,217.79639564621988,5.459170794608502,100.55019978102038,available,by_wn,0.0
Overlap,12,5.459170794608502,247.22796440651095,70,74060,15335637.032608032,207.07044332444008,5.459170794608502,100.0,available,by_wn,0.0
Overlap,13,5.5209365837215225,263.0195081326201,70,64505,13984943.037643433,216.8040157761946,5.459170794608502,106.37131823429729,available,by_wn,0.0
Overlap,14,5.532088284491924,264.1397668030661,70,81862,19219001.096687317,234.7731682183103,5.459170794608502,107.56417819243389,available,by_wn,0.0
Overlap,15,5.537450846572292,267.7256135447899,70,77698,18523593.947120667,238.40502904991976,5.459170794608502,108.14254715934395,available,by_wn,0.0
Overlap,16,5.475943722952638,251.71808739474363,70,69080,15147258.007354736,219.27125083026544,5.459170794608502,101.69143836734496,available,by_wn,0.0
Overlap,17,5.422748767234159,238.86298232011453,70,60941,12433601.921020508,204.02687716021248,5.459170794608502,96.42332747654406,available,by_wn,0.0
Overlap,18,5.388356256702139,229.2712897915029,70,80324,15954938.020019531,198.63226457870041,5.459170794608502,93.16346590206085,available,by_wn,0.0
Overlap,19,5.38527186776337,230.70418612339063,70,79733,16535707.11895752,207.38849809937565,5.459170794608502,92.87655623629342,available,by_wn,0.0
Overlap,20,5.422772720827659,239.48319631704618,70,70186,15016452.992927551,213.95225533478973,5.459170794608502,96.42563718939718,available,by_wn,0.0
Overlap,21,5.457518721347131,247.35041085040456,70,63854,13821992.045837402,216.46243063609802,5.459170794608502,99.83492906604563,available,by_wn,0.0
Overlap,22,5.454993774653461,243.5709974930568,70,82539,18256321.991218567,221.18419160904017,5.459170794608502,99.58316916590623,available,by_wn,0.0
Overlap,23,5.434750837813013,239.3731774100868,70,83100,18457098.013832092,222.10707597872553,5.459170794608502,97.58757980183924,available,by_wn,0.0
Overlap,24,5.423585270916287,238.68752190890373,70,78097,16453477.090293884,210.6800144729488,5.459170794608502,96.50401968998273,available,by_wn,0.0
Overlap,1,5.275990881578358,200.08301795638027,86,76153,14245559.953689575,187.06498698264775,5.381498293429366,89.98678031359825,available,by_wn,1.0
Overlap,2,5.291181472015272,203.49149509571404,86,105537,20265324.03034973,192.0210355643019,5.381498293429366,91.36416781641734,available,by_wn,1.0
Overlap,3,5.292731963808827,204.38269273984062,86,113890,22187010.008476257,194.81087021227725,5.381498293429366,91.5059370864852,available,by_wn,1.0
Overlap,4,5.295960664123695,203.72209794423674,86,93853,18139006.99937439,193.27040157879225,5.381498293429366,91.80185980017738,available,by_wn,1.0
Overlap,5,5.303672590097473,205.69964849032735,86,82620,16050997.995498657,194.27496968650033,5.381498293429366,92.51256588119188,available,by_wn,1.0
Overlap,6,5.405319758622116,226.91765066069493,86,109539,23740505.01431656,216.7310730818846,5.381498293429366,102.41074627396391,available,by_wn,1.0
Overlap,7,5.407162686026231,227.32216200005593,86,111544,24486126.051383972,219.51988499053263,5.381498293429366,102.59965586461142,available,by_wn,1.0
Overlap,8,5.369064915555075,218.58767548197883,86,92989,19481119.021751404,209.49917755596258,5.381498293429366,98.76435972179881,available,by_wn,1.0
Overlap,9,5.325540201305238,209.44371104265502,86,81081,16254700.035011292,200.4748342399735,5.381498293429366,94.55787622574586,available,by_wn,1.0
Overlap,10,5.4034238420240595,226.69945569657386,86,105378,22850306.990196228,216.84134250219427,5.381498293429366,102.2167679817203,available,by_wn,1.0
Overlap,11,5.409608437961595,228.8212663624856,86,113014,25102415.941955566,222.11775480874553,5.381498293429366,102.85089628214163,available,by_wn,1.0
Overlap,12,5.381498293429366,222.28638425098495,86,93717,20050039.988861084,213.942400939649,5.381498293429366,100.0,available,by_wn,1.0
Overlap,13,5.381355565919817,222.646557199427,86,77378,16479410.983917236,212.9728215244286,5.381498293429366,99.98572826755375,available,by_wn,1.0
Overlap,14,5.43091165859258,234.046523713809,86,105743,23605859.013282776,223.2380300661299,5.381498293429366,105.06545649850605,available,by_wn,1.0
Overlap,15,5.463567296406188,242.78715388139904,86,116008,26775317.950256348,230.80578882711836,5.381498293429366,108.5530712095846,available,by_wn,1.0
Overlap,16,5.409121501161623,229.66941194409995,86,91424,19631733.001441956,214.7328163440886,5.381498293429366,102.80082658720954,available,by_wn,1.0
Overlap,17,5.270002424392502,200.88610422015898,86,75669,13872675.007194519,183.3336638146998,5.381498293429366,89.4495086521864,available,by_wn,1.0
Overlap,18,5.305002583549919,207.1557362224618,86,103702,19760875.974319458,190.55443457521994,5.381498293429366,92.63568884630237,available,by_wn,1.0
Overlap,19,5.382707768735316,224.85158260526907,86,109935,22897590.990600586,208.28299441124832,5.381498293429366,100.12102070161737,available,by_wn,1.0
Overlap,20,5.406782364313185,229.84749094180324,86,86952,18394610.00628662,211.54901562110845,5.381498293429366,102.56064240703779,available,by_wn,1.0
Overlap,21,5.39318973597947,226.8004720610352,86,74240,15378223.005989075,207.1420124729132,5.381498293429366,101.17600545950974,available,by_wn,1.0
Overlap,22,5.452942767340828,239.14226471405325,86,104309,23131284.025917053,221.7573174502397,5.381498293429366,107.40585107775796,available,by_wn,1.0
Overlap,23,5.485336609412313,247.52182037698,86,115417,26950697.907348633,233.50717751586535,5.381498293429366,110.94210647593592,available,by_wn,1.0
Overlap,24,5.467269671637342,242.1487272952138,86,90378,20657742.99369812,228.57048168468123,5.381498293429366,108.95572033081795,available,by_wn,1.0
Added comparison,1,4.990522805814379,159.558545364795,303,446194,43806897.60246277,98.1790378231504,5.059011291820474,93.38042118576284,balanced_24q,all,
Added comparison,2,5.030260787845649,165.39413870091934,303,547171,55557277.18185425,101.5354928931801,5.059011291820474,97.16588592502889,balanced_24q,all,
Added comparison,3,5.04025698272591,168.0224739527046,303,528009,54282831.83683014,102.80664124442981,5.059011291820474,98.14204587051013,balanced_24q,all,
Added comparison,4,5.054438624150218,168.9812527563876,303,524056,56497002.07330704,107.80718486823362,5.059011291820474,99.54377710575494,balanced_24q,all,
Added comparison,5,5.0661380871085795,170.60396123590812,303,507953,56032932.96001816,110.31125509647184,5.059011291820474,100.71522513310478,balanced_24q,all,
Added comparison,6,5.10155402363155,177.0680849984626,303,562307,64112759.97183609,114.01736057320305,5.059011291820474,104.3460644384129,balanced_24q,all,
Added comparison,7,5.084765645130126,174.80748966971024,303,535629,58090905.026260376,108.45362186562038,5.059011291820474,102.60888621796302,balanced_24q,all,
Added comparison,8,5.029362325978816,163.49557886726816,303,567270,59353167.970703125,104.62948502600723,5.059011291820474,97.07862528781568,balanced_24q,all,
Added comparison,9,5.042474983151225,165.1717484579818,303,535803,57012716.860687256,106.40611728692683,5.059011291820474,98.35996655473849,balanced_24q,all,
Added comparison,10,5.0444507680335064,166.05359932528742,303,606923,65701419.07678604,108.25330243998998,5.059011291820474,98.55449680135655,balanced_24q,all,
Added comparison,11,5.057196392801247,168.9557350067718,303,584880,64262432.2537117,109.87284956522996,5.059011291820474,99.81867469141127,balanced_24q,all,
Added comparison,12,5.059011291820474,168.63199125970482,303,582312,64674509.044073105,111.06504596174062,5.059011291820474,100.0,balanced_24q,all,
Added comparison,13,5.085706476637314,172.87299597651392,303,537574,61415968.37449646,114.24653791756383,5.059011291820474,102.70546931812183,balanced_24q,all,
Added comparison,14,5.129020286173307,181.94931884219025,303,566377,66974305.204071045,118.25039718080191,5.059011291820474,107.25178278145968,balanced_24q,all,
Added comparison,15,5.194283652966834,194.5583500155747,303,508872,65851094.95107651,129.40600966662836,5.059011291820474,114.48485541570146,balanced_24q,all,
Added comparison,16,5.170335321137646,188.6589082396492,303,497892,64023791.54589081,128.58971734008742,5.059011291820474,111.77570342299119,balanced_24q,all,
Added comparison,17,5.092388143315555,173.3480544328126,303,444058,53591790.89770508,120.68646640237328,5.059011291820474,103.39401077073786,balanced_24q,all,
Added comparison,18,5.052901003659518,166.56598306900227,303,492884,57606015.048583984,116.8754008013731,5.059011291820474,99.39083416858583,balanced_24q,all,
Added comparison,19,5.084454650407464,172.34526367859607,303,471415,56892913.97901535,120.6854130204074,5.059011291820474,102.57698035738527,balanced_24q,all,
Added comparison,20,5.103114730501048,175.54754293475577,303,474319,58455429.68278694,123.24075080860548,5.059011291820474,104.50904520750748,balanced_24q,all,
Added comparison,21,5.135374132166291,180.6228092800961,303,429209,56012182.65423584,130.50095094519415,5.059011291820474,107.9354136343798,balanced_24q,all,
Added comparison,22,5.160172248196702,185.19655922972666,303,480340,64858787.95795822,135.02683090718705,5.059011291820474,110.6454718373685,balanced_24q,all,
Added comparison,23,5.170955193257924,188.00894050730875,303,458540,62584020.787597656,136.48541193265072,5.059011291820474,111.84501154413428,balanced_24q,all,
Added comparison,24,5.149730116117921,183.2139829038417,303,468657,63299182.00437927,135.0650518489626,5.059011291820474,109.49610855182308,balanced_24q,all,
Legacy comparison,1,5.093191188328618,181.1684667969018,102,197227,21709748.89596939,110.07493343187997,5.16337784860361,93.22197952613726,balanced_24q,all,
Legacy comparison,2,5.1347235990288524,187.19843161497838,102,228348,26417461.92974472,115.68948241169058,5.16337784860361,97.17523901921663,balanced_24q,all,
Legacy comparison,3,5.14995455388799,191.8992846663303,102,228059,26752450.894607544,117.3049557114937,5.16337784860361,98.66663959416707,balanced_24q,all,
Legacy comparison,4,5.12680712348643,186.26127889984352,102,234475,27318446.90018463,116.5089962690463,5.16337784860361,96.4089906113476,balanced_24q,all,
Legacy comparison,5,5.194176356822989,199.45772025023732,102,222051,27350518.926433563,123.17223937939286,5.16337784860361,103.1277688972861,balanced_24q,all,
Legacy comparison,6,5.1984307792675555,201.09904294103833,102,234634,30522867.2155571,130.08714515184116,5.16337784860361,103.56745262891552,balanced_24q,all,
Legacy comparison,7,5.152193656327843,193.86640427915736,102,225726,28833616.96604538,127.73724323314718,5.16337784860361,98.88781182885427,balanced_24q,all,
Legacy comparison,8,5.129905217492066,188.18221834269917,102,231333,27991908.07572937,121.00265883263248,5.16337784860361,96.70813788115916,balanced_24q,all,
Legacy comparison,9,5.168407386330665,195.50544619425494,102,217652,27211546.924606323,125.02318804608423,5.16337784860361,100.5042207083359,balanced_24q,all,
Legacy comparison,10,5.186448802979454,198.03411010476339,102,231799,29746966.01531601,128.3308643062136,5.16337784860361,102.33391473617435,balanced_24q,all,
Legacy comparison,11,5.192567732857587,200.02868531170523,102,218386,29054310.91096878,133.04108739099019,5.16337784860361,102.96200845559353,balanced_24q,all,
Legacy comparison,12,5.16337784860361,193.8144157520749,102,223688,28836954.9442482,128.91596752730678,5.16337784860361,100.0,balanced_24q,all,
Legacy comparison,13,5.20029553728214,203.13853555432172,102,213161,27859349.952030182,130.6962809896284,5.16337784860361,103.76076104695002,balanced_24q,all,
Legacy comparison,14,5.235149683075061,209.61581979808943,102,215962,29654228.054302216,137.31224962864863,5.16337784860361,107.44101727301145,balanced_24q,all,
Legacy comparison,15,5.290048280152273,223.32949558735052,102,200468,29767007.862789154,148.48757838053533,5.16337784860361,113.50428818084069,balanced_24q,all,
Legacy comparison,16,5.270151088711141,217.05292403874424,102,192638,27887629.9851532,144.76702408223298,5.16337784860361,111.26819142388587,balanced_24q,all,
Legacy comparison,17,5.211953205687134,204.98171097252313,102,173419,23388007.984680176,134.86416127806166,5.16337784860361,104.97744767826565,balanced_24q,all,
Legacy comparison,18,5.16647952998281,194.2098429366289,102,197658,25537264.030326843,129.19924329056676,5.16337784860361,100.3106496569998,balanced_24q,all,
Legacy comparison,19,5.185922365117738,197.08146801072127,102,194557,26047521.041021347,133.88118156129744,5.16337784860361,102.28005646667961,balanced_24q,all,
Legacy comparison,20,5.20618450579451,202.17248931448995,102,200105,25892686.165592194,129.39549819141047,5.16337784860361,104.37360764761902,balanced_24q,all,
Legacy comparison,21,5.256998294952803,212.08050017720802,102,180099,25148126.036895752,139.63501205945482,5.16337784860361,109.8142862674764,balanced_24q,all,
Legacy comparison,22,5.260061170250301,210.76951344288165,102,186785,27758528.071624756,148.61219086984906,5.16337784860361,110.15114935366171,balanced_24q,all,
Legacy comparison,23,5.310994386419998,219.87585355356603,102,178771,27971599.95677185,156.4660932521038,5.16337784860361,115.90683522541829,balanced_24q,all,
Legacy comparison,24,5.2770432405213406,215.8184670839133,102,191818,28309651.10336685,147.5859987246601,5.16337784860361,112.0377174899092,balanced_24q,all,
Overlap,1,5.308215209675025,208.00909211666502,156,144548,27601635.975120544,190.9513516279751,5.41635133883026,89.75054114606735,balanced_24q,all,
Overlap,2,5.3198117579118165,210.1679628146648,156,186732,36210769.924575806,193.9183960144796,5.41635133883026,90.79739584453037,balanced_24q,all,
Overlap,3,5.33526354948758,214.3571756704445,156,197969,39173188.04078674,197.8753645307434,5.41635133883026,92.21127362201672,balanced_24q,all,
Overlap,4,5.353264979366602,217.28241019529167,156,171914,33750256.912857056,196.32058420406165,5.41635133883026,93.88623905355394,balanced_24q,all,
Overlap,5,5.366219893430485,220.80809913262308,156,154194,30637350.02783966,198.6935291116364,5.41635133883026,95.11043979859927,balanced_24q,all,
Overlap,6,5.442410183627275,237.18604531850445,156,194818,42259460.10665512,216.91763649485736,5.41635133883026,102.64013450752181,balanced_24q,all,
Overlap,7,5.433545217672754,235.9883585116054,156,193636,41884943.041633606,216.30762379740133,5.41635133883026,101.73425444009571,balanced_24q,all,
Overlap,8,5.38690297765604,225.5226370989324,156,171075,34359952.01387787,200.84730097254345,5.41635133883026,97.09810166661777,balanced_24q,all,
Overlap,9,5.384253792058889,225.10391294103925,156,149352,29933301.055625916,200.42115978109376,5.41635133883026,96.84121119967644,balanced_24q,all,
Overlap,10,5.438674398917903,237.19286558261038,156,188563,40644772.928180695,215.55009693407877,5.41635133883026,102.25740839874639,balanced_24q,all,
Overlap,11,5.434310035160633,237.29294843203024,156,194029,42747190.93523407,220.31341157885714,5.41635133883026,101.81209233910673,balanced_24q,all,
Overlap,12,5.41635133883026,233.47811893615685,156,167777,35385677.021469116,210.90898646101144,5.41635133883026,100.0,balanced_24q,all,
Overlap,13,5.443988073907762,240.7626249258598,156,141883,30464354.02156067,214.71461712510074,5.41635133883026,102.80221721888792,balanced_24q,all,
Overlap,14,5.476311426624337,247.549902023091,156,187605,42824860.10997009,228.2714219235633,5.41635133883026,106.17941671521898,balanced_24q,all,
Overlap,15,5.496720171480722,253.97748834574108,156,193706,45298911.897377014,233.8539430754701,5.41635133883026,108.3686693008245,balanced_24q,all,
Overlap,16,5.439105831452463,239.5630483642606,156,160504,34778991.00879669,216.68613248764325,5.41635133883026,102.30153508979004,balanced_24q,all,
Overlap,17,5.338542450026579,217.92701105988263,156,136610,26306276.928215027,192.56479707353068,5.41635133883026,92.51412144941884,balanced_24q,all,
Overlap,18,5.342404872784889,217.07938205472388,156,184026,35715813.99433899,194.08026036722524,5.41635133883026,92.87214106403667,balanced_24q,all,
Overlap,19,5.383858325991494,227.47775085058004,156,189668,39433298.109558105,207.90696432481022,5.41635133883026,96.80292135838707,balanced_24q,all,
Overlap,20,5.413957524287628,234.17120489223277,156,157138,33411062.999214172,212.62242741548303,5.41635133883026,99.7609048346536,balanced_24q,all,
Overlap,21,5.422055306336754,236.02159844088047,156,138094,29200215.051826477,211.45172890803713,5.41635133883026,100.5720266103304,balanced_24q,all,
Overlap,22,5.453863091134958,241.12951660206767,156,186848,41387606.01713562,221.5041424962302,5.41635133883026,103.82241985372534,balanced_24q,all,
Overlap,23,5.46263786574596,243.86537802004074,156,198517,45407795.921180725,228.73505000166597,5.41635133883026,104.73744689437088,balanced_24q,all,
Overlap,24,5.4476676969548175,240.59562231417723,156,168475,37111220.083992004,220.2773116723075,5.41635133883026,103.18118743282885,balanced_24q,all,
Added comparison,1,5.023665893121051,164.49078903875068,114,115447,12303152.899208069,106.56970643852218,5.093274253906045,93.2759053404865,balanced_24q,by_wn,0.0
Added comparison,2,5.091701233748029,175.41691117710872,114,127711,14100948.018203735,110.4129481266589,5.093274253906045,99.8428216389737,balanced_24q,by_wn,0.0
Added comparison,3,5.099847491028634,177.7665275205071,114,120848,13719738.838264465,113.52888618979598,5.093274253906045,100.65948882590786,balanced_24q,by_wn,0.0
Added comparison,4,5.10400359627988,177.3732999289668,114,122978,14724178.071174622,119.730179960437,5.093274253906045,101.07871081792385,balanced_24q,by_wn,0.0
Added comparison,5,5.120092925788396,180.25862406329395,114,117109,14298155.124919891,122.09270956903305,5.093274253906045,102.71815289825285,balanced_24q,by_wn,0.0
Added comparison,6,5.140716099514791,184.05677707132972,114,125383,15848452.015460968,126.40032552627524,5.093274253906045,104.85852195130101,balanced_24q,by_wn,0.0
Added comparison,7,5.122267771240901,181.7290559211797,114,123266,14005361.953941345,113.61901865835952,5.093274253906045,102.94179210818251,balanced_24q,by_wn,0.0
Added comparison,8,5.078227773009834,172.6111446108125,114,133774,14177918.984657288,105.98411488523396,5.093274253906045,98.50661517813798,balanced_24q,by_wn,0.0
Added comparison,9,5.102262221174796,177.4156628357413,114,128373,13159919.989196777,102.51314520340553,5.093274253906045,100.90284803322949,balanced_24q,by_wn,0.0
Added comparison,10,5.116262522558867,179.94639199743114,114,141403,14939568.945098877,105.65241858446339,5.093274253906045,102.32545353225998,balanced_24q,by_wn,0.0
Added comparison,11,5.115165670659255,181.67361589170582,114,140730,15170956.01422882,107.8018618221333,5.093274253906045,102.21327919473835,balanced_24q,by_wn,0.0
Added comparison,12,5.093274253906045,177.85811634179922,114,136373,14673555.054597855,107.59868195755651,5.093274253906045,100.0,balanced_24q,by_wn,0.0
Added comparison,13,5.149574433600961,188.32833016303553,114,125483,14003076.005115509,111.59341110043201,5.093274253906045,105.79152007403536,balanced_24q,by_wn,0.0
Added comparison,14,5.201253765455801,198.27595899985812,114,122256,14572314.012420654,119.19508255153656,5.093274253906045,111.40249205084916,balanced_24q,by_wn,0.0
Added comparison,15,5.2281603120413305,205.19113904542746,114,115984,14877357.975162506,128.27077851395455,5.093274253906045,114.44063811252059,balanced_24q,by_wn,0.0
Added comparison,16,5.152646747888386,189.20184161094483,114,115288,13977305.883415222,121.23816774872687,5.093274253906045,106.1170446735309,balanced_24q,by_wn,0.0
Added comparison,17,5.1001096709143106,180.06306837993432,114,106621,11563528.900371552,108.45451553044477,5.093274253906045,100.68588317906352,balanced_24q,by_wn,0.0
Added comparison,18,5.040710708397764,169.9099251946934,114,119978,12426598.069259644,103.57397247211692,5.093274253906045,94.87940275413969,balanced_24q,by_wn,0.0
Added comparison,19,5.046431650080987,170.89747018153193,114,121640,12651911.946008682,104.01111432101844,5.093274253906045,95.42375791160018,balanced_24q,by_wn,0.0
Added comparison,20,5.082123140270794,175.83019089844646,114,110960,12320886.882545471,111.03899497607671,5.093274253906045,98.89108295733516,balanced_24q,by_wn,0.0
Added comparison,21,5.103363765252582,179.32538433419873,114,104371,12280560.926074982,117.66257797735943,5.093274253906045,101.01405820812177,balanced_24q,by_wn,0.0
Added comparison,22,5.119780119552418,181.43135358399414,114,117063,14399367.00347519,123.00527923831774,5.093274253906045,102.68602704432385,balanced_24q,by_wn,0.0
Added comparison,23,5.125419382785645,184.91042045201232,114,115202,14245633.945457458,123.65787004962985,5.093274253906045,103.26673642880012,balanced_24q,by_wn,0.0
Added comparison,24,5.11319454450655,180.967044997693,114,112230,14155349.017658234,126.12803187791351,5.093274253906045,102.01200236314622,balanced_24q,by_wn,0.0
Added comparison,1,4.970531737280196,156.58354124399636,189,330747,31503744.7032547,95.25028104035623,5.038344743260925,93.44351910332645,balanced_24q,by_wn,1.0
Added comparison,2,4.99320147126961,159.34865688988447,189,419460,41456329.16365051,98.83261613419756,5.038344743260925,95.58605239815317,balanced_24q,by_wn,1.0
Added comparison,3,5.004313501527442,162.14510830863324,189,407161,40563092.998565674,99.62421007553688,5.038344743260925,96.654130773987,balanced_24q,by_wn,1.0
Added comparison,4,5.024542291754549,163.91938303324457,189,401078,41772824.002132416,104.15137205763571,5.038344743260925,98.62923655899932,balanced_24q,by_wn,1.0
Added comparison,5,5.033593898698532,164.78051381621506,189,390844,41734777.83509827,106.78116546524512,5.038344743260925,99.52604228493325,balanced_24q,by_wn,1.0
Added comparison,6,5.077932454051183,172.85268343070152,189,436924,48264307.95637512,110.46385173708728,5.038344743260925,104.03817475884023,balanced_24q,by_wn,1.0
Added comparison,7,5.062145315095056,170.63257669263342,189,412363,44085543.07231903,106.90955074126202,5.038344743260925,102.40860659186819,balanced_24q,by_wn,1.0
Added comparison,8,4.999887929356934,157.99730111719379,189,433496,45175248.98604584,104.21145520615147,5.038344743260925,96.22732606679136,balanced_24q,by_wn,1.0
Added comparison,9,5.006412839581452,157.7865302618729,189,407430,43852796.87149048,107.63271450676307,5.038344743260925,96.8572536059429,balanced_24q,by_wn,1.0
Added comparison,10,5.001135741494401,157.67381961828008,189,465520,50761850.131687164,109.04332817427213,5.038344743260925,96.34747463804662,balanced_24q,by_wn,1.0
Added comparison,11,5.0222307966329245,161.28463225077985,189,444150,49091476.23948288,110.52904703249551,5.038344743260925,98.40151884542718,balanced_24q,by_wn,1.0
Added comparison,12,5.038344743260925,163.06702692447328,189,445939,50000953.98947525,112.12509780367999,5.038344743260925,100.0,balanced_24q,by_wn,1.0
Added comparison,13,5.047182947040193,163.55073091162788,189,412091,47412892.36938095,115.05442334188554,5.038344743260925,100.88773760213287,balanced_24q,by_wn,1.0
Added comparison,14,5.085450885971167,172.10150414391438,189,444121,52401991.19165039,117.99034765672056,5.038344743260925,104.82332654947881,balanced_24q,by_wn,1.0
Added comparison,15,5.173850112572693,188.14492171185395,189,392888,50973736.975914,129.74113990733747,5.038344743260925,114.5115344299223,balanced_24q,by_wn,1.0
Added comparison,16,5.181004619287993,188.33142461886771,189,382604,50046485.662475586,130.80492013276282,5.038344743260925,115.33374572288342,balanced_24q,by_wn,1.0
Added comparison,17,5.087730713970274,169.2977285599455,189,337437,42028261.99733353,124.55143329668509,5.038344743260925,105.0625783271283,balanced_24q,by_wn,1.0
Added comparison,18,5.0602538801666075,164.54900210429972,189,372906,45179416.97932434,121.15497465668115,5.038344743260925,102.21509044567809,balanced_24q,by_wn,1.0
Added comparison,19,5.107389158540893,173.21853594666646,189,349775,44241002.03300667,126.48417420629453,5.038344743260925,107.14837983443788,balanced_24q,by_wn,1.0
Added comparison,20,5.115776324608185,175.37705686141857,189,363359,46134542.80024147,126.9668366553229,5.038344743260925,108.05083030071458,balanced_24q,by_wn,1.0
Added comparison,21,5.15468197252694,181.4053830569866,189,324838,43731621.72816086,134.62594194078542,5.038344743260925,112.33746430696847,balanced_24q,by_wn,1.0
Added comparison,22,5.184535754363095,187.46763565096214,189,363277,50459420.95448303,138.90067621810087,5.038344743260925,115.74172464817376,balanced_24q,by_wn,1.0
Added comparison,23,5.198421237669774,189.8778891120907,189,343338,48338386.8421402,140.78950434306776,5.038344743260925,117.36006414455899,balanced_24q,by_wn,1.0
Added comparison,24,5.171767445026367,184.56927878374094,189,356427,49143832.98672104,137.8790972252973,5.038344743260925,114.27329314829218,balanced_24q,by_wn,1.0
Legacy comparison,1,5.157021446081294,190.3740975802431,72,62976,9167051.95967102,145.5642142986379,5.196802514598762,96.09998092361151,balanced_24q,by_wn,0.0
Legacy comparison,2,5.206635154120218,198.03276727452428,72,71902,11088158.00377655,154.21209429190495,5.196802514598762,100.98811387495779,balanced_24q,by_wn,0.0
Legacy comparison,3,5.219326627374029,202.83249890426185,72,72469,11341162.981925964,156.49675008522215,5.196802514598762,102.27796959240685,balanced_24q,by_wn,0.0
Legacy comparison,4,5.180761799196706,194.89968842054296,72,72050,10720320.89427185,148.7900193514483,5.196802514598762,98.40872517314791,balanced_24q,by_wn,0.0
Legacy comparison,5,5.259689226008711,211.46921567117056,72,69949,11168036.949256897,159.65970849128504,5.196802514598762,106.49061906765043,balanced_24q,by_wn,0.0
Legacy comparison,6,5.249322927590864,211.0653621928231,72,76960,12833687.08731842,166.75788834873208,5.196802514598762,105.39240756027905,balanced_24q,by_wn,0.0
Legacy comparison,7,5.2010294775756645,204.2660301078567,72,75556,12431547.950092316,164.53422560871823,5.196802514598762,100.4235909185563,balanced_24q,by_wn,0.0
Legacy comparison,8,5.178305147926989,197.68431133626743,72,75468,11504345.018291473,152.4400410543737,5.196802514598762,98.16726596547123,balanced_24q,by_wn,0.0
Legacy comparison,9,5.220759175954247,206.37201598177714,72,68669,11193324.002346039,163.00403387767463,5.196802514598762,102.42459274985711,balanced_24q,by_wn,0.0
Legacy comparison,10,5.233303081310588,207.1903561333469,72,75935,12490335.979194641,164.4872058891768,5.196802514598762,103.71748917968601,balanced_24q,by_wn,0.0
Legacy comparison,11,5.232464706522381,208.01651961495054,72,74584,12708766.945156097,170.39535215536975,5.196802514598762,103.63057149155186,balanced_24q,by_wn,0.0
Legacy comparison,12,5.196802514598762,200.75567921227264,72,74723,11935970.010173798,159.73622593008574,5.196802514598762,100.0,balanced_24q,by_wn,0.0
Legacy comparison,13,5.254123288110095,214.879593202241,72,68705,11712354.912090302,170.47310839226114,5.196802514598762,105.89954536084545,balanced_24q,by_wn,0.0
Legacy comparison,14,5.27992833290035,218.29444916229104,72,71910,12924183.112781525,179.72720223587157,5.196802514598762,108.66785239936662,balanced_24q,by_wn,0.0
Legacy comparison,15,5.3201939387600525,229.28889011844123,72,70876,13361801.87978363,188.52364523652054,5.196802514598762,113.13271630778061,balanced_24q,by_wn,0.0
Legacy comparison,16,5.287827576957972,220.41268277349985,72,67779,11912256.96522522,175.75144167404682,5.196802514598762,109.52964556276912,balanced_24q,by_wn,0.0
Legacy comparison,17,5.251496143962193,213.95524023375685,72,56978,9676584.960510254,169.83019692706404,5.196802514598762,105.62169712347702,balanced_24q,by_wn,0.0
Legacy comparison,18,5.20649438728669,202.23596828215307,72,61608,10502705.018074036,170.47631830401954,5.196802514598762,100.97389909845165,balanced_24q,by_wn,0.0
Legacy comparison,19,5.219800931814292,203.50864108881106,72,62028,10912176.998624802,175.9234055366093,5.196802514598762,102.32649199381116,balanced_24q,by_wn,0.0
Legacy comparison,20,5.2420628212529286,208.27590715901317,72,58037,9955211.033046722,171.5321438573104,5.196802514598762,104.6300183363361,balanced_24q,by_wn,0.0
Legacy comparison,21,5.300038566293195,221.21160463487624,72,57178,10534075.020553589,184.23300955880913,5.196802514598762,110.87531012366085,balanced_24q,by_wn,0.0
Legacy comparison,22,5.289565162421748,217.51205018551852,72,61150,11708662.08063507,191.47444122052445,5.196802514598762,109.72012812469136,balanced_24q,by_wn,0.0
Legacy comparison,23,5.3506600114945,228.1563206760246,72,61910,12383227.04006195,200.0198197393305,5.196802514598762,116.63246700494618,balanced_24q,by_wn,0.0
Legacy comparison,24,5.301663794500255,221.7525902630862,72,64569,11594164.97668457,179.56240574710108,5.196802514598762,111.05565431567801,balanced_24q,by_wn,0.0
Legacy comparison,1,4.939998569722195,159.07495291688275,30,134251,12542696.93629837,93.42721422036611,5.0831586502152435,86.66153295818134,balanced_24q,by_wn,1.0
Legacy comparison,2,4.962135866809576,161.19602603206823,30,156446,15329303.92596817,97.98463320230732,5.0831586502152435,88.60137729517001,balanced_24q,by_wn,1.0
Legacy comparison,3,4.983461577521497,165.65957049529462,30,155590,15411287.91268158,99.05063251289658,5.0831586502152435,90.51115595179769,balanced_24q,by_wn,1.0
Legacy comparison,4,4.997315901781766,165.5290960501648,30,162425,16598126.00591278,102.1894782571204,5.0831586502152435,91.77385356961976,balanced_24q,by_wn,1.0
Legacy comparison,5,5.036945470777255,170.63013123999755,30,152102,16182481.977176666,106.39230238377317,5.0831586502152435,95.48383885815839,balanced_24q,by_wn,1.0
Legacy comparison,6,5.076289623291615,177.17987673675492,30,157674,17689180.128238678,112.18831340765553,5.0831586502152435,99.31545109169541,balanced_24q,by_wn,1.0
Legacy comparison,7,5.034987685333075,168.90730229027895,30,150170,16402069.015953064,109.22334032065702,5.0831586502152435,95.29708486006817,balanced_24q,by_wn,1.0
Legacy comparison,8,5.013745384448251,165.37719515813535,30,155865,16487563.057437897,105.78104807004713,5.0831586502152435,93.29410478017027,balanced_24q,by_wn,1.0
Legacy comparison,9,5.042763091234066,169.42567870420163,30,148983,16018222.922260284,107.5171188810823,5.0831586502152435,96.04094654166127,balanced_24q,by_wn,1.0
Legacy comparison,10,5.073998534984731,176.05911963616288,30,155864,17256630.03612137,110.71594490146133,5.0831586502152435,99.08817108171061,balanced_24q,by_wn,1.0
Legacy comparison,11,5.096814996062084,180.85788298391654,30,143802,16345543.965812683,113.667014129238,5.0831586502152435,101.37500196660957,balanced_24q,by_wn,1.0
Legacy comparison,12,5.0831586502152435,177.15538344760026,30,148965,16900984.9340744,113.45607984475818,5.0831586502152435,100.0,balanced_24q,by_wn,1.0
Legacy comparison,13,5.071108935295048,174.95999719931538,30,144456,16146995.03993988,111.77794650232514,5.0831586502152435,98.8022592176604,balanced_24q,by_wn,1.0
Legacy comparison,14,5.1276809234943705,188.78710932400557,30,144052,16730044.94152069,116.13892859190217,5.0831586502152435,104.55282637939693,balanced_24q,by_wn,1.0
Legacy comparison,15,5.2176986994936,209.02694871273283,30,129592,16405205.983005524,126.59119376971977,5.0831586502152435,114.40104748788944,balanced_24q,by_wn,1.0
Legacy comparison,16,5.227727516918746,208.98950307533076,30,124859,15975373.019927979,127.94730872366412,5.0831586502152435,115.55412705417305,balanced_24q,by_wn,1.0
Legacy comparison,17,5.117050153826991,183.4452407455621,30,116441,13711423.024169922,117.75425343452841,5.0831586502152435,103.4472364124015,balanced_24q,by_wn,1.0
Legacy comparison,18,5.0704438724535,174.94714210737078,30,136050,15034559.012252808,110.50760023706584,5.0831586502152435,98.73657135209415,balanced_24q,by_wn,1.0
Legacy comparison,19,5.104613805046011,181.6562526233057,30,132529,15135344.042396545,114.20401604476413,5.0831586502152435,102.16869715848713,balanced_24q,by_wn,1.0
Legacy comparison,20,5.120076548694304,187.5242864876342,30,142068,15937475.132545471,112.18201940300047,5.0831586502152435,103.76078281601504,balanced_24q,by_wn,1.0
Legacy comparison,21,5.153701643735861,190.16584947880423,30,122921,14614051.016342163,118.88978300162026,5.0831586502152435,107.30907043862771,balanced_24q,by_wn,1.0
Legacy comparison,22,5.189251589038829,194.58742526055315,30,125635,16049865.990989685,127.74995814056342,5.0831586502152435,111.19252127256686,balanced_24q,by_wn,1.0
Legacy comparison,23,5.215796886241195,200.00273245966542,30,116861,15588372.9167099,133.3924313219115,5.0831586502152435,114.18368481680696,balanced_24q,by_wn,1.0
Legacy comparison,24,5.217953910971944,201.5765714538983,30,127249,16715486.126682281,131.36045176529703,5.0831586502152435,114.43024767429573,balanced_24q,by_wn,1.0
Overlap,1,5.3478050984795,217.7468403707291,70,68395,13356076.02143097,195.2785440665395,5.459170794608502,89.46115331272767,balanced_24q,by_wn,0.0
Overlap,2,5.354986109156143,218.3704802979472,70,81195,15945445.894226074,196.38457902858642,5.459170794608502,90.10588695883462,balanced_24q,by_wn,0.0
Overlap,3,5.387516640464335,226.61154041375775,70,84079,16986178.032310486,202.0264041236276,5.459170794608502,93.08527717217629,balanced_24q,by_wn,0.0
Overlap,4,5.42366742380789,233.94222238944485,70,78061,15611249.913482666,199.98782892203104,5.459170794608502,96.51194809991804,balanced_24q,by_wn,0.0
Overlap,5,5.443063723239614,239.36990992172926,70,71574,14586352.032341003,203.79400386091322,5.459170794608502,98.40219538369205,balanced_24q,by_wn,0.0
Overlap,6,5.487978420062185,249.80150161238467,70,85279,18518955.092338562,217.1572730958215,5.459170794608502,102.9226578433035,balanced_24q,by_wn,0.0
Overlap,7,5.465958042267054,246.63539994008056,70,82092,17398816.990249634,211.94290540186174,5.459170794608502,100.68103332235363,balanced_24q,by_wn,0.0
Overlap,8,5.408818311094368,234.04273279976098,70,78086,14878832.992126465,190.54418195485061,5.459170794608502,95.0894190896049,balanced_24q,by_wn,0.0
Overlap,9,5.456387632127658,244.34358955905415,70,68271,13678601.020614624,200.35741413798866,5.459170794608502,99.72207069252924,balanced_24q,by_wn,0.0
Overlap,10,5.48198222595891,250.08476915688385,70,83185,17794465.937984467,213.9143588145034,5.459170794608502,102.30736017492639,balanced_24q,by_wn,0.0
Overlap,11,5.464657711719449,247.70101497461366,70,81015,17644774.993278503,217.79639564621988,5.459170794608502,100.55019978102038,balanced_24q,by_wn,0.0
Overlap,12,5.459170794608502,247.22796440651095,70,74060,15335637.032608032,207.07044332444008,5.459170794608502,100.0,balanced_24q,by_wn,0.0
Overlap,13,5.5209365837215225,263.0195081326201,70,64505,13984943.037643433,216.8040157761946,5.459170794608502,106.37131823429729,balanced_24q,by_wn,0.0
Overlap,14,5.532088284491924,264.1397668030661,70,81862,19219001.096687317,234.7731682183103,5.459170794608502,107.56417819243389,balanced_24q,by_wn,0.0
Overlap,15,5.537450846572292,267.7256135447899,70,77698,18523593.947120667,238.40502904991976,5.459170794608502,108.14254715934395,balanced_24q,by_wn,0.0
Overlap,16,5.475943722952638,251.71808739474363,70,69080,15147258.007354736,219.27125083026544,5.459170794608502,101.69143836734496,balanced_24q,by_wn,0.0
Overlap,17,5.422748767234159,238.86298232011453,70,60941,12433601.921020508,204.02687716021248,5.459170794608502,96.42332747654406,balanced_24q,by_wn,0.0
Overlap,18,5.388356256702139,229.2712897915029,70,80324,15954938.020019531,198.63226457870041,5.459170794608502,93.16346590206085,balanced_24q,by_wn,0.0
Overlap,19,5.38527186776337,230.70418612339063,70,79733,16535707.11895752,207.38849809937565,5.459170794608502,92.87655623629342,balanced_24q,by_wn,0.0
Overlap,20,5.422772720827659,239.48319631704618,70,70186,15016452.992927551,213.95225533478973,5.459170794608502,96.42563718939718,balanced_24q,by_wn,0.0
Overlap,21,5.457518721347131,247.35041085040456,70,63854,13821992.045837402,216.46243063609802,5.459170794608502,99.83492906604563,balanced_24q,by_wn,0.0
Overlap,22,5.454993774653461,243.5709974930568,70,82539,18256321.991218567,221.18419160904017,5.459170794608502,99.58316916590623,balanced_24q,by_wn,0.0
Overlap,23,5.434750837813013,239.3731774100868,70,83100,18457098.013832092,222.10707597872553,5.459170794608502,97.58757980183924,balanced_24q,by_wn,0.0
Overlap,24,5.423585270916287,238.68752190890373,70,78097,16453477.090293884,210.6800144729488,5.459170794608502,96.50401968998273,balanced_24q,by_wn,0.0
Overlap,1,5.275990881578358,200.08301795638027,86,76153,14245559.953689575,187.06498698264775,5.381498293429366,89.98678031359825,balanced_24q,by_wn,1.0
Overlap,2,5.291181472015272,203.49149509571404,86,105537,20265324.03034973,192.0210355643019,5.381498293429366,91.36416781641734,balanced_24q,by_wn,1.0
Overlap,3,5.292731963808827,204.38269273984062,86,113890,22187010.008476257,194.81087021227725,5.381498293429366,91.5059370864852,balanced_24q,by_wn,1.0
Overlap,4,5.295960664123695,203.72209794423674,86,93853,18139006.99937439,193.27040157879225,5.381498293429366,91.80185980017738,balanced_24q,by_wn,1.0
Overlap,5,5.303672590097473,205.69964849032735,86,82620,16050997.995498657,194.27496968650033,5.381498293429366,92.51256588119188,balanced_24q,by_wn,1.0
Overlap,6,5.405319758622116,226.91765066069493,86,109539,23740505.01431656,216.7310730818846,5.381498293429366,102.41074627396391,balanced_24q,by_wn,1.0
Overlap,7,5.407162686026231,227.32216200005593,86,111544,24486126.051383972,219.51988499053263,5.381498293429366,102.59965586461142,balanced_24q,by_wn,1.0
Overlap,8,5.369064915555075,218.58767548197883,86,92989,19481119.021751404,209.49917755596258,5.381498293429366,98.76435972179881,balanced_24q,by_wn,1.0
Overlap,9,5.325540201305238,209.44371104265502,86,81081,16254700.035011292,200.4748342399735,5.381498293429366,94.55787622574586,balanced_24q,by_wn,1.0
Overlap,10,5.4034238420240595,226.69945569657386,86,105378,22850306.990196228,216.84134250219427,5.381498293429366,102.2167679817203,balanced_24q,by_wn,1.0
Overlap,11,5.409608437961595,228.8212663624856,86,113014,25102415.941955566,222.11775480874553,5.381498293429366,102.85089628214163,balanced_24q,by_wn,1.0
Overlap,12,5.381498293429366,222.28638425098495,86,93717,20050039.988861084,213.942400939649,5.381498293429366,100.0,balanced_24q,by_wn,1.0
Overlap,13,5.381355565919817,222.646557199427,86,77378,16479410.983917236,212.9728215244286,5.381498293429366,99.98572826755375,balanced_24q,by_wn,1.0
Overlap,14,5.43091165859258,234.046523713809,86,105743,23605859.013282776,223.2380300661299,5.381498293429366,105.06545649850605,balanced_24q,by_wn,1.0
Overlap,15,5.463567296406188,242.78715388139904,86,116008,26775317.950256348,230.80578882711836,5.381498293429366,108.5530712095846,balanced_24q,by_wn,1.0
Overlap,16,5.409121501161623,229.66941194409995,86,91424,19631733.001441956,214.7328163440886,5.381498293429366,102.80082658720954,balanced_24q,by_wn,1.0
Overlap,17,5.270002424392502,200.88610422015898,86,75669,13872675.007194519,183.3336638146998,5.381498293429366,89.4495086521864,balanced_24q,by_wn,1.0
Overlap,18,5.305002583549919,207.1557362224618,86,103702,19760875.974319458,190.55443457521994,5.381498293429366,92.63568884630237,balanced_24q,by_wn,1.0
Overlap,19,5.382707768735316,224.85158260526907,86,109935,22897590.990600586,208.28299441124832,5.381498293429366,100.12102070161737,balanced_24q,by_wn,1.0
Overlap,20,5.406782364313185,229.84749094180324,86,86952,18394610.00628662,211.54901562110845,5.381498293429366,102.56064240703779,balanced_24q,by_wn,1.0
Overlap,21,5.39318973597947,226.8004720610352,86,74240,15378223.005989075,207.1420124729132,5.381498293429366,101.17600545950974,balanced_24q,by_wn,1.0
Overlap,22,5.452942767340828,239.14226471405325,86,104309,23131284.025917053,221.7573174502397,5.381498293429366,107.40585107775796,balanced_24q,by_wn,1.0
Overlap,23,5.485336609412313,247.52182037698,86,115417,26950697.907348633,233.50717751586535,5.381498293429366,110.94210647593592,balanced_24q,by_wn,1.0
Overlap,24,5.467269671637342,242.1487272952138,86,90378,20657742.99369812,228.57048168468123,5.381498293429366,108.95572033081795,balanced_24q,by_wn,1.0
