cohort,stratification,comparison_group,pre_cells,post_cells,pre_routes,post_routes,mean_lnfare_2007,mean_lnfare_2009_2010,change_log,change_pct,wn_present
available,all,Added comparison,1424,2725,356,349,4.9971650036606325,5.058479749928785,0.061314746268152476,6.323351030753688,
available,all,Legacy comparison,416,831,104,104,5.162901029393098,5.226243184102083,0.06334215470898474,6.539130552791775,
available,all,Overlap,624,1248,156,156,5.41839739124192,5.408123391657885,-0.010273999584035742,-1.0221402332470164,
available,by_wn,Added comparison,656,1199,164,157,4.978437359379631,4.959490902136856,-0.01894645724277577,-1.8768101302347233,0.0
available,by_wn,Added comparison,768,1526,192,192,5.013161533150654,5.136256701765299,0.12309516861464509,13.099205077256403,1.0
available,by_wn,Legacy comparison,296,591,74,74,5.198867466394071,5.257768923330916,0.05890145693684534,6.067071384890247,0.0
available,by_wn,Legacy comparison,120,240,30,30,5.074183818124031,5.14861105125108,0.07442723312704835,7.7266951322730035,1.0
available,by_wn,Overlap,280,560,70,70,5.46554959110363,5.423749777157153,-0.04179981394647747,-4.093824785592607,0.0
available,by_wn,Overlap,344,688,86,86,5.380017693680065,5.39540424067011,0.015386546990044714,1.5505529363547943,1.0
balanced_24q,all,Added comparison,1212,2424,303,303,5.050783358951613,5.118636277202803,0.06785291825119,7.020788885439837,
balanced_24q,all,Legacy comparison,408,816,102,102,5.177700442692829,5.234454587340828,0.056754144647999105,5.839556619111361,
balanced_24q,all,Overlap,624,1248,156,156,5.41839739124192,5.408123391657885,-0.010273999584035742,-1.0221402332470164,
balanced_24q,by_wn,Added comparison,456,912,114,114,5.106741167074741,5.091391622720131,-0.01534954435460989,-1.5232340539988802,0.0
balanced_24q,by_wn,Added comparison,756,1512,189,189,5.017031030242426,5.135069560859017,0.11803853061659098,12.528746855205283,1.0
balanced_24q,by_wn,Legacy comparison,288,576,72,72,5.220832369596495,5.270222727378226,0.04939035778173029,5.063039245275091,0.0
balanced_24q,by_wn,Legacy comparison,120,240,30,30,5.074183818124031,5.14861105125108,0.07442723312704835,7.7266951322730035,1.0
balanced_24q,by_wn,Overlap,280,560,70,70,5.46554959110363,5.423749777157153,-0.04179981394647747,-4.093824785592607,0.0
balanced_24q,by_wn,Overlap,344,688,86,86,5.380017693680065,5.39540424067011,0.015386546990044714,1.5505529363547943,1.0
