model,t,b,se,p,lo,hi,pct,pct_lo,pct_hi
legacy_event_adjusted_wn_present,1,-0.029367397789828595,0.025005593887587226,0.24130027168751583,-0.07860755198955155,0.01987275640989436,-2.8940366242022684,-7.559736675747204,2.0071534204274792
legacy_event_adjusted_wn_present,2,-0.03349385415955797,0.02434783545749684,0.17012164344018874,-0.08143877311434256,0.01445106479522662,-3.2939145385150455,-7.821085359518031,1.455598623168312
legacy_event_adjusted_wn_present,3,-0.05376235696564148,0.02647672381979541,0.04332216264699393,-0.10589940955679666,-0.001625304374486304,-5.2342716102703895,-10.048487384955946,-0.16239842826119968
legacy_event_adjusted_wn_present,4,0.014010223466119312,0.025554988180712845,0.5840004998489409,-0.03631177905248648,0.0643322259847251,1.410882659272554,-3.5660414273943744,6.644664119950486
legacy_event_adjusted_wn_present,5,-0.034594887560163726,0.022828204050334235,0.13087921131957062,-0.07954740068960325,0.01035762556927581,-3.4003325729941256,-7.646575722889966,1.0411451448581335
legacy_event_adjusted_wn_present,6,0.005766636576204066,0.021682538341761745,0.7904834268388782,-0.03692987110081358,0.04846314425322171,0.5783295631750455,-3.625628073463717,4.9656685226423
legacy_event_adjusted_wn_present,7,0.0034888288897347193,0.02430291186203276,0.885962712879297,-0.04436762806819422,0.051345285847663666,0.3494921937051551,-4.339778100326021,5.2686308222834235
legacy_event_adjusted_wn_present,8,-0.018120200248599637,0.021599374621513828,0.4022864446481652,-0.06065294479216646,0.024412544294967184,-1.795701654705761,-5.885018595260228,2.471297019306113
legacy_event_adjusted_wn_present,9,0.003769531190625141,0.017735089366706078,0.8318478884035814,-0.031153795929230607,0.03869285831048089,0.37766448088504656,-3.06735168555955,3.94511758259799
legacy_event_adjusted_wn_present,10,0.020477999106344038,0.017580656155803127,0.24517050754932374,-0.014141223453843787,0.05509722166653186,2.0689111923557673,-1.4041706005232435,5.66433383082121
legacy_event_adjusted_wn_present,11,-0.020780740679160133,0.013873342512093836,0.13537957433423758,-0.048099648905538056,0.006538167547217793,-2.0566309005890617,-4.696118692910237,0.6559588022761733
legacy_event_adjusted_wn_present,13,0.03222925389888541,0.017991698790819535,0.07440619739806675,-0.0031993796603715235,0.06765788745814234,3.275424110414267,-0.3194267099060846,6.99991857135403
legacy_event_adjusted_wn_present,14,0.0015265082109164893,0.01828662634929629,0.9335369421759949,-0.03448288653811375,0.03753590295994673,0.15276739176536602,-3.3895127056058203,3.824927263471984
legacy_event_adjusted_wn_present,15,-0.06363168463357628,0.02291044974121391,0.005879949484192623,-0.10874615314465497,-0.01851721612249759,-6.164945518324803,-10.30419214108869,-1.8346825814984757
legacy_event_adjusted_wn_present,16,-0.09421018086651445,0.01963244391380762,2.700376435572226e-06,-0.13286971320872254,-0.05555064852430635,-8.990854167405844,-12.442083892282401,-5.403588922917126
legacy_event_adjusted_wn_present,17,-0.06913201239432684,0.02251797753367277,0.002367664615388227,-0.11347363815248758,-0.024790386636166103,-6.6796522479213065,-10.727226994672169,-2.4485628552261822
legacy_event_adjusted_wn_present,18,-0.010881987376382527,0.02239046779155671,0.6273711283703464,-0.05497252534226817,0.03320855058950312,-1.0822992738635222,-5.348884733379419,3.3766109293394915
legacy_event_adjusted_wn_present,19,-0.0011843418897396728,0.024480582048194605,0.9614516164439648,-0.04939066085865031,0.04702197707917097,-0.11836408336744447,-4.819077754968141,4.814504399314915
legacy_event_adjusted_wn_present,20,-0.02766437217611146,0.020886240707670707,0.18649590133652857,-0.06879283797946735,0.013464093627244433,-2.7285217833253785,-6.647995005218112,1.3555142708063932
legacy_event_adjusted_wn_present,21,-0.030811658390371605,0.02388872617454607,0.19827089828576366,-0.07785251515856513,0.016229198377821923,-3.03418171380748,-7.489914516437383,1.6361607144070822
legacy_event_adjusted_wn_present,22,-0.0024416777908741897,0.026278141294038906,0.9260415824252236,-0.054187688512215004,0.04930433293046663,-0.24386993203052817,-5.274569893415492,5.054001601687254
legacy_event_adjusted_wn_present,23,-0.04778796581316372,0.026520268591074887,0.07271738442844834,-0.10001076526808195,0.00443483364175451,-4.666409454776073,-9.517232272898509,0.44446820698008216
legacy_event_adjusted_wn_present,24,-0.0655460930601665,0.026689894069199468,0.014712940410344915,-0.11810291316408847,-0.012989272956244517,-6.344412296166639,-11.13954012020886,-1.2905276428213885
expanded_event_adjusted_wn_present,1,-0.06601417800836384,0.019107623529382004,0.0005884641863153796,-0.1035382795787092,-0.028490076438018493,-6.388240808551658,-9.835849237581101,-2.8088061073352306
expanded_event_adjusted_wn_present,2,-0.07152807706624814,0.019185580919003326,0.00021063706425942838,-0.1092052736042545,-0.03385088052824178,-6.902986168234218,-10.345363869502366,-3.328434998313095
expanded_event_adjusted_wn_present,3,-0.08610990858226428,0.019740662773345803,1.5107362979601254e-05,-0.12487719085752488,-0.04734262630700368,-8.25066147188777,-11.739471207234194,-4.623944185613035
expanded_event_adjusted_wn_present,4,-0.0361986658433506,0.0186885422440899,0.053209793189350874,-0.07289976351206737,0.000502431825366155,-3.5551328559304185,-7.030598538165613,0.050255806537717315
expanded_event_adjusted_wn_present,5,-0.027611339683459885,0.01808051259912042,0.12724216134819516,-0.06311837121828345,0.007895691851363677,-2.7233630975838725,-6.116766361588778,0.792694502726805
expanded_event_adjusted_wn_present,6,-0.0013339073096408083,0.01640249786332904,0.9352112030811888,-0.033545605163352823,0.030877790544071207,-0.1333018050725722,-3.298919046015488,3.135945430667647
expanded_event_adjusted_wn_present,7,-0.010824175258985734,0.01661507924221619,0.5149884527996207,-0.04345334654894477,0.0218049960309733,-1.076580466829943,-4.2522777334268635,2.204446231009144
expanded_event_adjusted_wn_present,8,-0.011101525073055049,0.012070647948615117,0.3580836401797837,-0.03480621126530828,0.012603161119198177,-1.1040130544571802,-3.420744215822575,1.2682915655196108
expanded_event_adjusted_wn_present,9,0.02464630650668569,0.013235950890333666,0.06306952530931727,-0.0013468351744476519,0.05063944818781903,2.495253736313494,-0.13459285990023295,5.194354474854148
expanded_event_adjusted_wn_present,10,0.03911260497963173,0.009861942768447445,8.168479144150542e-05,0.019745437652145474,0.05847977230711799,3.98875735766216,1.9941668231087524,6.02235396015502
expanded_event_adjusted_wn_present,11,-0.0012157798816682212,0.00891305171155476,0.8915461975936644,-0.018719487614439242,0.0162879278511028,-0.12150411207284462,-1.854536618689088,1.6421299278747956
expanded_event_adjusted_wn_present,13,0.03368426435419099,0.010748315881032172,0.001807043133965656,0.01257641197213959,0.05479211673624239,3.4258003052093047,1.2655827613254154,5.632100039208097
expanded_event_adjusted_wn_present,14,-0.023652366652977503,0.013430648101586585,0.07872277486252816,-0.05002786032672171,0.002723127020766703,-2.337484177477239,-4.879707669267222,0.2726838098966865
expanded_event_adjusted_wn_present,15,-0.08965341822905629,0.014659574125793157,1.7098697974417317e-09,-0.11844231223402732,-0.06086452422408525,-8.575200794350268,-11.169694160230373,-5.904929283140598
expanded_event_adjusted_wn_present,16,-0.10933655071640791,0.01417583989516071,4.9776236219341e-14,-0.1371754735030643,-0.08149762792975153,-10.357132698718885,-12.818276811442697,-7.826510372878151
expanded_event_adjusted_wn_present,17,-0.07177201950118671,0.018116649318897282,8.315085502934243e-05,-0.10735001736739319,-0.036194021634980235,-6.925693710694643,-10.178877156655146,-3.554684944831054
expanded_event_adjusted_wn_present,18,-0.028651076043787513,0.017110350273457166,0.09454313743149219,-0.06225287485346706,0.004950722765892035,-2.824452591663468,-6.035475590798686,0.4962997842317913
expanded_event_adjusted_wn_present,19,-0.040055020011613776,0.01782392316365978,0.024977028775085248,-0.07505815382083597,-0.005051886202391574,-3.9263422039552314,-7.231046393121073,-0.5039146886843032
expanded_event_adjusted_wn_present,20,-0.04888416063064083,0.016419317695304622,0.0030230370059967345,-0.08112888975495944,-0.016639431506322216,-4.77085638511237,-7.792516221463332,-1.6501760810893256
expanded_event_adjusted_wn_present,21,-0.02498776925831404,0.018481655264358042,0.1768624158957644,-0.06128257631589841,0.011307037799270326,-2.4678159135120445,-5.9442577030462065,1.1371203966210037
expanded_event_adjusted_wn_present,22,-0.023705928433601427,0.01803999864276237,0.18931056484880357,-0.05913339749373742,0.01172154062653457,-2.342715015637152,-5.74189771759258,1.1790507084828283
expanded_event_adjusted_wn_present,23,-0.041208941861475626,0.018092521587665392,0.02308810587162773,-0.07673955699397819,-0.005678326728973067,-4.037139758728315,-7.386897345224661,-0.5662235503238291
expanded_event_adjusted_wn_present,24,-0.04004668583127637,0.018238748986639842,0.028486718280423737,-0.07586446654264054,-0.004228905119912203,-3.9255415054289067,-7.305817032293055,-0.42199758920425795
