term,quarter,t,beta,se,target_weight
q1,2005Q1,1,-0.03989731806959497,0.027384267659235583,0.0
q2,2005Q2,2,-0.07649977386959926,0.029692086885646982,0.0
q3,2005Q3,3,-0.07114644150144346,0.030010302145897488,0.0
q4,2005Q4,4,-0.032588590952588294,0.02610860636240615,0.0
q5,2006Q1,5,-0.08648833793144983,0.024895768459477937,0.0
q6,2006Q2,6,-0.006036787850680875,0.01892836875309106,0.0
q7,2006Q3,7,0.03212884242332498,0.021024654452256458,0.0
q8,2006Q4,8,0.006178581513082714,0.01677695187292673,0.0
q9,2007Q1,9,-0.03311518125777854,0.016054663445173287,0.0
q10,2007Q2,10,0.0012295055019995657,0.01470979846738978,0.0
q11,2007Q3,11,-0.009528985740217119,0.011570047641281805,0.0
q13,2008Q1,13,-0.010854904440948353,0.013224809921186124,0.0
q14,2008Q2,14,-0.014772846900756094,0.016269029375096958,0.0
q15,2008Q3,15,-0.047689050445244095,0.01750830793767653,0.0
q16,2008Q4,16,-0.08534035264971879,0.01746988911893797,0.1111111111111111
q17,2009Q1,17,-0.13041608238093158,0.02124129420423208,0.1111111111111111
q18,2009Q2,18,-0.08167100583832437,0.022431559347807183,0.1111111111111111
q19,2009Q3,19,-0.059340528778057684,0.02148155353424033,0.1111111111111111
q20,2009Q4,20,-0.04657510849609928,0.020068534438731394,0.1111111111111111
q21,2010Q1,21,-0.09039848319489766,0.021179158695979087,0.1111111111111111
q22,2010Q2,22,-0.06323468552271681,0.021089690161790686,0.1111111111111111
q23,2010Q3,23,-0.11256597129232934,0.02667151993321687,0.1111111111111111
q24,2010Q4,24,-0.08061820114638447,0.022886323793967333,0.1111111111111111
