,q1,q2,q3,q4,q5,q6,q7,q8,q9,q10,q11,q13,q14,q15,q16,q17,q18,q19,q20,q21,q22,q23,q24
q1,0.0007498981152326558,0.0007449740332401247,0.0007107048322502806,0.0005405782028693927,0.00048644412988489206,0.0002700520567072021,0.00017942473359426337,0.00018964296732426437,0.00014544995209669266,0.00013523675479494148,9.227712654061827e-05,-2.8610970382734946e-05,6.467038980910133e-05,5.1207823287486497e-05,4.54896532460587e-05,9.349980051610762e-05,0.00010494672939004854,0.00011461841498818415,0.0001100233440276672,8.804697227464541e-05,6.816480662642461e-05,0.0001699856516142195,8.738115494409527e-05
q2,0.0007449740332401247,0.0008816200236248095,0.0008116853052144849,0.0005730227437512195,0.000477886949016647,0.0002714164017596334,0.00016883743036095593,0.00018521025641195213,0.00012344759307791084,0.0001462393696527039,0.0001013653769438735,-2.81979908851318e-05,7.577169753502798e-05,5.7123357893368656e-05,4.37344794636941e-05,8.175791050770402e-05,0.00010783016521517954,0.00012071592686649828,9.144153101242787e-05,7.050276963241698e-05,7.222770027718223e-05,0.000267227729483825,9.012654565263356e-05
q3,0.0007107048322502806,0.0008116853052144849,0.0009006182348880593,0.0006319622295819596,0.0005352698195447128,0.0003005111851105424,0.00018926802633948965,0.00020289571426881806,0.00014025854759946792,0.00016857813850655536,0.00012989765107286307,-1.6196905596529798e-05,9.125045548960675e-05,9.362834139252924e-05,5.2960092010910834e-05,6.851208365004532e-05,7.212796059445353e-05,9.788884840316055e-05,9.616881529398062e-05,5.042204237232304e-05,5.468606412785045e-05,0.00019154434470328586,5.145629970480957e-05
q4,0.0005405782028693927,0.0005730227437512195,0.0006319622295819596,0.0006816593261870749,0.0005710480833969077,0.00028499119326649207,0.00016048041013467542,0.00017942885091048864,0.0001600594896935492,0.00016533882256691547,9.11910990830183e-05,9.405362466504096e-06,6.51980666854222e-05,6.310022782109824e-05,4.2203447889612404e-05,8.572573672125458e-05,0.00010068101182878969,7.243388741307017e-05,9.293004437484364e-05,6.553192034808504e-05,6.771971007440747e-05,3.6415798687299006e-05,3.161390176863707e-05
q5,0.00048644412988489206,0.000477886949016647,0.0005352698195447128,0.0005710480833969077,0.0006197992871879365,0.00032816761191991207,0.0002065761280374076,0.00019304258015047027,0.0001888747645250343,0.00018742009740260952,0.00010635269185096312,3.1889041864000364e-05,7.091626943040672e-05,3.9527173930672934e-05,3.368685115191797e-05,9.180716719230051e-05,9.090505833422822e-05,5.53270000247325e-05,6.63401692742309e-05,6.134198061489652e-05,6.158369570987508e-05,3.2174166940933076e-05,1.2254469657953607e-05
q6,0.0002700520567072021,0.0002714164017596334,0.0003005111851105424,0.00028499119326649207,0.00032816761191991207,0.000358283143652994,0.0002919393995777507,0.00022603626268822514,0.00017928819854118015,0.0001874789031187746,0.00013202085552046312,1.8873313103140454e-05,5.188716482759726e-05,2.174822449813873e-05,8.262400641108574e-06,2.1236491027530605e-05,4.0685815809313625e-05,1.6136329330406668e-05,2.003139686818255e-05,3.011205983524134e-05,3.7907712375367125e-05,2.0883236385638853e-05,5.265487637563144e-05
q7,0.00017942473359426337,0.00016883743036095593,0.00018926802633948965,0.00016048041013467542,0.0002065761280374076,0.0002919393995777507,0.0004420360948367874,0.0002726884713950048,0.00020904506990533983,0.00019249608566860742,0.00016484266128358364,3.940691578597461e-05,9.656771344077972e-05,6.950434213054258e-05,4.127728044840586e-05,4.717621202680202e-05,7.753595258982508e-05,6.11466865409468e-05,7.114782152601814e-05,8.780532978483628e-05,9.522963112068502e-05,9.014429697248749e-05,9.596405541155136e-05
q8,0.00018964296732426437,0.00018521025641195213,0.00020289571426881806,0.00017942885091048864,0.00019304258015047027,0.00022603626268822514,0.0002726884713950048,0.00028146611414649967,0.00019946430863488273,0.00016621990662827606,0.00011581890397964898,-1.008499187053377e-06,2.4904405110968792e-05,-8.937052577215669e-06,-2.7844340324567995e-06,2.0317661924626326e-05,3.358754137280385e-05,2.737350722834698e-05,3.757161161004055e-05,2.9546837601844652e-05,3.986609644930113e-05,3.5300442509549346e-05,3.249593602966477e-05
q9,0.00014544995209669266,0.00012344759307791084,0.00014025854759946792,0.0001600594896935492,0.0001888747645250343,0.00017928819854118015,0.00020904506990533983,0.00019946430863488273,0.00025775221833778344,0.00016463299774587898,9.852433096171102e-05,3.720074735525362e-05,1.9662943139730677e-05,-2.164242940283687e-05,-1.7800530296175843e-05,4.319805031127793e-05,3.183280808865909e-05,8.08256964124157e-06,7.094225718057753e-06,4.131105468435478e-05,2.685679645258932e-05,-3.417238288692248e-05,-1.0307887581295e-06
q10,0.00013523675479494148,0.0001462393696527039,0.00016857813850655536,0.00016533882256691547,0.00018742009740260952,0.0001874789031187746,0.00019249608566860742,0.00016621990662827606,0.00016463299774587898,0.0002163781709512227,0.00013065656283497577,9.09101018218165e-06,2.4721285141892793e-05,4.841009703506616e-06,4.754154530073327e-06,2.5675145128096153e-05,4.7368889904625126e-05,2.2281775523101425e-05,1.8079264672988977e-05,1.3675064118380373e-05,2.8676634876436604e-05,2.1619137524987306e-05,2.5682175133349306e-05
q11,9.227712654061827e-05,0.0001013653769438735,0.00012989765107286307,9.11910990830183e-05,0.00010635269185096312,0.00013202085552046312,0.00016484266128358364,0.00011581890397964898,9.852433096171102e-05,0.00013065656283497577,0.00013386600242153068,-5.163240478833584e-07,3.867384565330468e-05,3.101589437164192e-05,7.979153233515868e-06,3.7801249615886166e-06,2.1991211632731464e-05,3.577057316741657e-05,3.178671419441651e-05,2.2470441717877583e-05,3.5253879710155026e-05,4.751416222343463e-05,3.019801300078178e-05
q13,-2.8610970382734946e-05,-2.81979908851318e-05,-1.6196905596529798e-05,9.405362466504096e-06,3.1889041864000364e-05,1.8873313103140454e-05,3.940691578597461e-05,-1.008499187053377e-06,3.720074735525362e-05,9.09101018218165e-06,-5.163240478833584e-07,0.00017489559745150293,0.00012083437077832791,8.460910078804096e-05,6.54447447200657e-05,0.00010015969751500133,8.312793876774505e-05,4.935454104848686e-05,2.2476357036565236e-05,5.909367328705099e-05,3.782138598977434e-05,3.78712816599986e-05,3.374447634402994e-05
q14,6.467038980910133e-05,7.577169753502798e-05,9.125045548960675e-05,6.51980666854222e-05,7.091626943040672e-05,5.188716482759726e-05,9.656771344077972e-05,2.4904405110968792e-05,1.9662943139730677e-05,2.4721285141892793e-05,3.867384565330468e-05,0.00012083437077832791,0.00026468131680776775,0.0002333353556652238,0.00018440780578322583,0.000137640897794111,0.00014333401913240568,0.0001409189723846449,0.0001227157719896853,0.00014076039998233239,0.0001406721330481729,0.00017564525053788825,0.00013240038497456969
q15,5.1207823287486497e-05,5.7123357893368656e-05,9.362834139252924e-05,6.310022782109824e-05,3.9527173930672934e-05,2.174822449813873e-05,6.950434213054258e-05,-8.937052577215669e-06,-2.164242940283687e-05,4.841009703506616e-06,3.101589437164192e-05,8.460910078804096e-05,0.0002333353556652238,0.00030654084684050706,0.00024190767888267368,0.00015663531546294073,0.00016263646673237683,0.0001662008671209165,0.00015925360368191944,0.00015746588583536407,0.00015677593340624726,0.0001770092485241463,0.00015803235851152402
q16,4.54896532460587e-05,4.37344794636941e-05,5.2960092010910834e-05,4.2203447889612404e-05,3.368685115191797e-05,8.262400641108574e-06,4.127728044840586e-05,-2.7844340324567995e-06,-1.7800530296175843e-05,4.754154530073327e-06,7.979153233515868e-06,6.54447447200657e-05,0.00018440780578322583,0.00024190767888267368,0.00030519702582798726,0.0002312862768983535,0.00023176310613777127,0.000209902985166965,0.00020806112256932313,0.00019439249530692147,0.00018836637298203488,0.00020526595196479925,0.00019527289922660875
q17,9.349980051610762e-05,8.175791050770402e-05,6.851208365004532e-05,8.572573672125458e-05,9.180716719230051e-05,2.1236491027530605e-05,4.717621202680202e-05,2.0317661924626326e-05,4.319805031127793e-05,2.5675145128096153e-05,3.7801249615886166e-06,0.00010015969751500133,0.000137640897794111,0.00015663531546294073,0.0002312862768983535,0.00045119257947074336,0.0003984239802603749,0.0002946359714094669,0.00024575956605324715,0.00027429155911435244,0.00022050584052983168,0.00026636674216058904,0.0002127421302918434
q18,0.00010494672939004854,0.00010783016521517954,7.212796059445353e-05,0.00010068101182878969,9.090505833422822e-05,4.0685815809313625e-05,7.753595258982508e-05,3.358754137280385e-05,3.183280808865909e-05,4.7368889904625126e-05,2.1991211632731464e-05,8.312793876774505e-05,0.00014333401913240568,0.00016263646673237683,0.00023176310613777127,0.0003984239802603749,0.0005031748547741958,0.0003940660414653697,0.0003313361736693646,0.0003498422346136246,0.00030640958097522106,0.0003400480815271518,0.00027710191637872234
q19,0.00011461841498818415,0.00012071592686649828,9.788884840316055e-05,7.243388741307017e-05,5.53270000247325e-05,1.6136329330406668e-05,6.11466865409468e-05,2.737350722834698e-05,8.08256964124157e-06,2.2281775523101425e-05,3.577057316741657e-05,4.935454104848686e-05,0.0001409189723846449,0.0001662008671209165,0.000209902985166965,0.0002946359714094669,0.0003940660414653697,0.0004614571422444332,0.0003716179685728105,0.00037204735493404756,0.0003530098436672471,0.0003779284576489071,0.00029720657301954674
q20,0.0001100233440276672,9.144153101242787e-05,9.616881529398062e-05,9.293004437484364e-05,6.63401692742309e-05,2.003139686818255e-05,7.114782152601814e-05,3.757161161004055e-05,7.094225718057753e-06,1.8079264672988977e-05,3.178671419441651e-05,2.2476357036565236e-05,0.0001227157719896853,0.00015925360368191944,0.00020806112256932313,0.00024575956605324715,0.0003313361736693646,0.0003716179685728105,0.000402746074518548,0.000369550574263614,0.0003339839692341635,0.0003347526755994036,0.0003120227001218764
q21,8.804697227464541e-05,7.050276963241698e-05,5.042204237232304e-05,6.553192034808504e-05,6.134198061489652e-05,3.011205983524134e-05,8.780532978483628e-05,2.9546837601844652e-05,4.131105468435478e-05,1.3675064118380373e-05,2.2470441717877583e-05,5.909367328705099e-05,0.00014076039998233239,0.00015746588583536407,0.00019439249530692147,0.00027429155911435244,0.0003498422346136246,0.00037204735493404756,0.000369550574263614,0.00044855676306946663,0.00038222798108616203,0.00036249898216879296,0.00031682867147601185
q22,6.816480662642461e-05,7.222770027718223e-05,5.468606412785045e-05,6.771971007440747e-05,6.158369570987508e-05,3.7907712375367125e-05,9.522963112068502e-05,3.986609644930113e-05,2.685679645258932e-05,2.8676634876436604e-05,3.5253879710155026e-05,3.782138598977434e-05,0.0001406721330481729,0.00015677593340624726,0.00018836637298203488,0.00022050584052983168,0.00030640958097522106,0.0003530098436672471,0.0003339839692341635,0.00038222798108616203,0.0004447750311203308,0.0004143199143952649,0.0003490471548664621
q23,0.0001699856516142195,0.000267227729483825,0.00019154434470328586,3.6415798687299006e-05,3.2174166940933076e-05,2.0883236385638853e-05,9.014429697248749e-05,3.5300442509549346e-05,-3.417238288692248e-05,2.1619137524987306e-05,4.751416222343463e-05,3.78712816599986e-05,0.00017564525053788825,0.0001770092485241463,0.00020526595196479925,0.00026636674216058904,0.0003400480815271518,0.0003779284576489071,0.0003347526755994036,0.00036249898216879296,0.0004143199143952649,0.0007113699755479848,0.0004378337264753473
q24,8.738115494409527e-05,9.012654565263356e-05,5.145629970480957e-05,3.161390176863707e-05,1.2254469657953607e-05,5.265487637563144e-05,9.596405541155136e-05,3.249593602966477e-05,-1.0307887581295e-06,2.5682175133349306e-05,3.019801300078178e-05,3.374447634402994e-05,0.00013240038497456969,0.00015803235851152402,0.00019527289922660875,0.0002127421302918434,0.00027710191637872234,0.00029720657301954674,0.0003120227001218764,0.00031682867147601185,0.0003490471548664621,0.0004378337264753473,0.0005237838168023153
