"model","requested_outer_seed","effective_internal_seed","simulations"
"unadjusted",20260927,0,1000
"unadjusted",20260927,0,1000
"unadjusted",20260927,0,1000
"unadjusted",20260927,0,1000
"unadjusted",20260927,0,1000
"unadjusted",20260927,0,1000
"unadjusted",20260927,0,1000
"unadjusted",20260927,0,1000
"unadjusted",20260927,0,1000
"unadjusted",20260927,0,1000
"unadjusted",20260927,0,1000
"unadjusted",20260927,0,1000
"unadjusted",20260927,0,1000
"unadjusted",20260927,0,1000
"unadjusted",20260927,0,1000
"unadjusted",20260927,0,1000
"unadjusted",20260927,0,1000
"unadjusted",20260927,0,1000
"unadjusted",20260927,0,1000
"unadjusted",20260927,0,1000
"unadjusted",20260927,0,1000
"unadjusted",20260927,0,1000
"adjusted",20260927,0,1000
"adjusted",20260927,0,1000
"adjusted",20260927,0,1000
"adjusted",20260927,0,1000
"adjusted",20260927,0,1000
"adjusted",20260927,0,1000
"adjusted",20260927,0,1000
"adjusted",20260927,0,1000
"adjusted",20260927,0,1000
"adjusted",20260927,0,1000
"adjusted",20260927,0,1000
"adjusted",20260927,0,1000
"adjusted",20260927,0,1000
"adjusted",20260927,0,1000
"adjusted",20260927,0,1000
"adjusted",20260927,0,1000
"adjusted",20260927,0,1000
"adjusted",20260927,0,1000
"adjusted",20260927,0,1000
"adjusted",20260927,0,1000
"adjusted",20260927,0,1000
"adjusted",20260927,0,1000
