"Mbar","zero_accepted","elapsed_seconds","expected_point_grid_open_warning_count","other_warning_count"
0.025,0,8.08703207969666,0,0
0.03,0,8.03677892684937,0,0
0.035,0,8.06179285049438,0,0
0.04,0,7.91501402854919,0,0
0.045,0,8.05595898628235,0,0
0.055,0,8.7264130115509,0,0
0.06,0,8.12516689300537,0,0
0.065,0,9.55373811721802,0,0
0.07,0,10.2319099903107,0,0
0.075,0,8.22364401817322,0,0
0.08,1,9.0159969329834,1,0
0.085,1,8.03335905075073,1,0
0.09,1,9.20041704177856,1,0
0.095,1,8.61113381385803,1,0
