"Package","Version","Built"
"alabama","2025.1.0","4.5.2"
"clarabel","0.11.3","4.5.2"
"CVXR","1.9.2","4.5.2"
"ECOSolveR","0.6.1","4.5.2"
"gmp","0.7-5.1","4.5.2"
"highs","1.14.0-2","4.5.2"
"HonestDiD","0.2.8","4.5.3"
"latex2exp","0.9.8","4.5.2"
"lpSolveAPI","5.5.2.0-17.15","4.5.2"
"matrixStats","1.5.0","4.5.0"
"mvtnorm","1.4-2","4.5.2"
"nleqslv","3.3.7","4.5.2"
"osqp","1.0.0","4.5.2"
"pracma","2.4.6","4.5.0"
"purrr","1.2.2","4.5.2"
"qrng","0.0-11","4.5.2"
"Rglpk","0.6-5.1","4.5.0"
"scs","3.2.7","4.5.0"
"slam","0.1-56","4.5.2"
"spacefillr","0.4.0","4.5.0"
"TruncatedNormal","2.3","4.5.0"
"arfima","1.8-2","4.5.0"
"askpass","1.2.1","4.5.0"
"astsa","2.5","4.5.2"
"backports","1.5.1","4.5.2"
"BART","2.9.10","4.5.2"
"base","4.5.3","4.5.3"
"base64enc","0.1-6","4.5.2"
"boot","1.3-32","4.5.3"
"BSDA","1.2.2","4.5.0"
"bslib","0.10.0","4.5.2"
"cachem","1.1.0","4.5.0"
"checkmate","2.3.4","4.5.2"
"class","7.3-23","4.5.3"
"cli","3.6.6","4.5.2"
"cluster","2.1.8.2","4.5.3"
"codetools","0.2-20","4.5.3"
"colorspace","2.1-2","4.5.0"
"commonmark","2.0.0","4.5.0"
"compiler","4.5.3","4.5.3"
"cpp11","0.5.4","4.5.2"
"curl","7.1.0","4.5.2"
"cvar","0.6","4.5.2"
"datasets","4.5.3","4.5.3"
"digest","0.6.39","4.5.2"
"dplyr","1.2.1","4.5.2"
"e1071","1.7-17","4.5.2"
"evaluate","1.0.5","4.5.0"
"farver","2.1.2","4.5.0"
"fastICA","1.2-7","4.5.0"
"fastmap","1.2.0","4.5.0"
"fBasics","4052.98","4.5.2"
"fGarch","4052.93","4.5.2"
"fontawesome","0.5.3","4.5.0"
"foreach","1.5.2","4.5.0"
"forecast","9.0.2","4.5.2"
"foreign","0.8-91","4.5.3"
"fracdiff","1.5-4","4.5.2"
"fs","2.1.0","4.5.2"
"gam","1.22-7","4.5.2"
"gbm","2.2.3","4.5.2"
"gbutils","0.5.1","4.5.2"
"generics","0.1.4","4.5.0"
"ggplot2","4.0.3","4.5.2"
"glmnet","4.1-10","4.5.0"
"glue","1.8.1","4.5.2"
"graphics","4.5.3","4.5.3"
"grDevices","4.5.3","4.5.3"
"grid","4.5.3","4.5.3"
"gss","2.2-10","4.5.2"
"gtable","0.3.6","4.5.0"
"highr","0.12","4.5.2"
"htmltools","0.5.9","4.5.2"
"htmlwidgets","1.6.4","4.5.0"
"httpuv","1.6.17","4.5.2"
"httr2","1.2.2","4.5.2"
"ISLR2","1.3-2","4.5.0"
"isoband","0.3.0","4.5.2"
"iterators","1.0.14","4.5.0"
"jose","2.0.0","4.5.2"
"jquerylib","0.1.4","4.5.0"
"jsonlite","2.0.0","4.5.0"
"KernSmooth","2.23-26","4.5.3"
"knitr","1.51","4.5.2"
"labeling","0.4.3","4.5.0"
"later","1.4.8","4.5.2"
"lattice","0.22-9","4.5.3"
"leaps","3.2","4.5.0"
"learnr","0.11.6","4.5.0"
"lifecycle","1.0.5","4.5.2"
"litedown","0.9","4.5.2"
"lmtest","0.9-40","4.5.0"
"ltsa","1.4.6.1","4.5.0"
"magrittr","2.0.5","4.5.2"
"markdown","2.0","4.5.0"
"MASS","7.3-65","4.5.3"
"Matrix","1.7-4","4.5.3"
"memoise","2.0.1","4.5.0"
"methods","4.5.3","4.5.3"
"mgcv","1.9-4","4.5.3"
"mime","0.13","4.5.0"
"ncvreg","3.16.0","4.5.0"
"nlme","3.1-168","4.5.3"
"nnet","7.3-20","4.5.3"
"numDeriv","2016.8-1.1","4.5.0"
"openssl","2.4.0","4.5.2"
"otel","0.2.0","4.5.0"
"packrat","0.9.3","4.5.3"
"parallel","4.5.3","4.5.3"
"pillar","1.11.1","4.5.0"
"pkgconfig","2.0.3","4.5.0"
"PKI","0.1-15","4.5.0"
"plyr","1.8.9","4.5.0"
"promises","1.5.0","4.5.0"
"proxy","0.4-29","4.5.2"
"pwr","1.3-0","4.5.0"
"quadprog","1.5-8","4.5.0"
"quantmod","0.4.29","4.5.2"
"R6","2.6.1","4.5.0"
"randomForest","4.7-1.2","4.5.0"
"rappdirs","0.3.4","4.5.2"
"rbibutils","2.4.1","4.5.2"
"RColorBrewer","1.1-3","4.5.0"
"Rcpp","1.1.1","4.5.2"
"RcppArmadillo","15.4.0-1","4.5.2"
"RcppEigen","0.3.4.0.2","4.5.0"
"RcppTOML","0.2.3","4.5.0"
"Rdpack","2.6.6","4.5.2"
"renv","1.2.2","4.5.2"
"reshape2","1.4.5","4.5.0"
"rlang","1.2.0","4.5.2"
"rmarkdown","2.31","4.5.2"
"rpart","4.1.24","4.5.3"
"rprojroot","2.1.1","4.5.0"
"rsconnect","1.8.0","4.5.3"
"rstudioapi","0.18.0","4.5.2"
"S7","0.2.2","4.5.2"
"sandwich","3.1-2","4.5.2"
"sass","0.4.10","4.5.0"
"scales","1.4.0","4.5.0"
"shape","1.4.6.1","4.5.0"
"shiny","1.13.0","4.5.2"
"snowflakeauth","0.2.2","4.5.2"
"sourcetools","0.1.7-2","4.5.2"
"spatial","7.3-18","4.5.3"
"splines","4.5.3","4.5.3"
"stabledist","0.7-2","4.5.0"
"stats","4.5.3","4.5.3"
"stats4","4.5.3","4.5.3"
"stringi","1.8.7","4.5.0"
"stringr","1.6.0","4.5.0"
"strucchange","1.5-4","4.5.0"
"survival","3.8-6","4.5.3"
"sys","3.4.3","4.5.0"
"tcltk","4.5.3","4.5.3"
"tibble","3.3.1","4.5.2"
"tidyselect","1.2.1","4.5.0"
"timeDate","4052.112","4.5.2"
"timeSeries","4052.112","4.5.2"
"tinytex","0.59","4.5.2"
"tools","4.5.3","4.5.3"
"tree","1.0-45","4.5.0"
"tseries","0.10-61","4.5.2"
"TTR","0.24.4","4.5.0"
"urca","1.3-4","4.5.0"
"utf8","1.2.6","4.5.0"
"utils","4.5.3","4.5.3"
"vars","1.6-1","4.5.0"
"vctrs","0.7.3","4.5.2"
"viridisLite","0.4.3","4.5.2"
"withr","3.0.2","4.5.0"
"xfun","0.57","4.5.2"
"xtable","1.8-8","4.5.2"
"xts","0.14.2","4.5.2"
"yaml","2.3.12","4.5.2"
"zoo","1.8-15","4.5.2"
