Mbar,zero_accepted,elapsed_seconds,expected_point_grid_open_warning_count,other_warning_count,source_file
0.0,0,8.23108792304993,0,0,initial_probe.csv
0.005,0,8.34604787826538,0,0,probe__005__015__076__077__078__079.csv
0.01,0,8.04205584526062,0,0,initial_probe.csv
0.015,0,8.19396495819092,0,0,probe__005__015__076__077__078__079.csv
0.02,0,8.16108393669128,0,0,initial_probe.csv
0.025,0,8.08703207969666,0,0,probe__025__03__035__04__045__055__06__065__07__075__08__085__09__095.csv
0.03,0,8.03677892684937,0,0,probe__025__03__035__04__045__055__06__065__07__075__08__085__09__095.csv
0.035,0,8.06179285049438,0,0,probe__025__03__035__04__045__055__06__065__07__075__08__085__09__095.csv
0.04,0,7.91501402854919,0,0,probe__025__03__035__04__045__055__06__065__07__075__08__085__09__095.csv
0.045,0,8.05595898628235,0,0,probe__025__03__035__04__045__055__06__065__07__075__08__085__09__095.csv
0.05,0,8.69361400604248,0,0,initial_probe.csv
0.055,0,8.7264130115509,0,0,probe__025__03__035__04__045__055__06__065__07__075__08__085__09__095.csv
0.06,0,8.12516689300537,0,0,probe__025__03__035__04__045__055__06__065__07__075__08__085__09__095.csv
0.065,0,9.55373811721802,0,0,probe__025__03__035__04__045__055__06__065__07__075__08__085__09__095.csv
0.07,0,10.2319099903107,0,0,probe__025__03__035__04__045__055__06__065__07__075__08__085__09__095.csv
0.075,0,8.22364401817322,0,0,probe__025__03__035__04__045__055__06__065__07__075__08__085__09__095.csv
0.076,0,9.32462811470032,0,0,probe__005__015__076__077__078__079.csv
0.077,1,9.70419192314148,1,0,probe__005__015__076__077__078__079.csv
0.078,1,8.75986099243164,1,0,probe__005__015__076__077__078__079.csv
0.079,1,8.83537793159485,1,0,probe__005__015__076__077__078__079.csv
0.08,1,9.0159969329834,1,0,probe__025__03__035__04__045__055__06__065__07__075__08__085__09__095.csv
0.085,1,8.03335905075073,1,0,probe__025__03__035__04__045__055__06__065__07__075__08__085__09__095.csv
0.09,1,9.20041704177856,1,0,probe__025__03__035__04__045__055__06__065__07__075__08__085__09__095.csv
0.095,1,8.61113381385803,1,0,probe__025__03__035__04__045__055__06__065__07__075__08__085__09__095.csv
0.1,1,9.28814077377319,1,0,initial_probe.csv
0.2,1,8.92660593986511,8,0,initial_probe.csv
0.5,1,8.7153639793396,11,0,initial_probe.csv
